A,B,C,X,Y,Z
92.52233372,37.7185485,1061.307507,89.26561422,75.29651497,79.92376061
107.1370203,71.72955137,136.9780943,153.6671262,55.72385181,96.66751003
69.77506916,114.5355656,-2676.140087,121.9241122,83.51277614,114.2231071
45.39737554,118.8225681,-111.9954242,106.5611265,78.83606353,115.8542587
23.41239087,47.80872274,-1861.167901,95.77983852,79.44698489,85.30636456
48.62088188,63.72816054,-1210.921597,140.1932262,79.63003926,93.03779384
138.4506493,191.126172,-624.497989,98.85094537,92.18025047,57.02636478
120.3111798,26.03349032,-1296.904837,96.77238755,79.06489888,104.5594175
33.37280988,136.370296,448.7656083,95.97533592,82.21861669,72.96227688
76.25084367,199.6221987,690.6901149,106.7275847,89.61207353,122.3537755
181.4959147,374.5692202,-2540.015352,83.85603584,84.17766413,144.0127721
24.01363512,24.94581949,-582.419761,102.0306733,67.80853348,196.0739167
119.8763806,139.5200867,142.7287015,116.2345736,101.8280599,72.25881863
166.2976547,273.0165274,-1942.010635,98.46428163,82.47964986,123.4931099
60.26897356,146.9282825,350.554668,83.23320612,90.45065105,166.8754113
55.14572296,67.16034173,2265.140219,80.45590015,61.69722144,126.1432751
32.86842484,31.57214008,429.4898041,118.7814383,68.43228106,51.76067857
153.4658603,86.47491018,1762.783845,143.305519,102.7919308,89.97340903
73.82855931,20.54856861,-640.5354721,120.39267,79.39695786,75.35381825
62.11204844,66.56896143,696.4889946,65.55337411,86.84394131,88.31695009
173.3022532,109.7517581,1504.951938,87.91374705,88.68582675,112.9900218
2.516973576,9.1207897,757.2357257,100.1842443,75.48412228,103.0214141
301.7306272,182.6762807,-177.1067412,85.74242264,97.31489612,69.28352387
71.29176221,72.44086689,-1607.603982,77.71693592,80.32319133,94.34323981
151.2620622,101.1489592,-1470.947298,88.59649762,75.92361554,112.3805311
75.12686005,137.2307027,-2291.609426,112.2191249,77.37530189,59.96845221
42.8825746,64.37493932,181.5483865,105.70217,62.43414836,138.4304555
38.85071129,53.47054974,-2691.79758,80.89290999,87.67933056,96.98339916
20.28888451,18.30424104,1551.26876,117.9827689,71.72865467,109.0026039
123.0983302,261.5799616,1546.698056,66.74490195,76.36997372,122.6657689
188.5419106,154.0838723,1744.826913,111.8291364,72.48802665,57.56039555
28.69023387,470.2219259,1310.62473,73.0173219,81.19904528,63.48709055
59.99897735,57.57585426,-1656.765836,114.0320417,93.80107889,77.07407883
74.63583437,171.7949429,1817.422916,88.75804807,65.68901077,113.0765133
106.1688186,43.17314699,-2588.742986,78.36121384,78.95647326,119.559063
276.1491415,17.16884875,2517.529217,82.91119048,86.41359929,163.4306485
32.93408877,89.30333563,-1765.049814,101.4905779,72.20062519,128.6660936
48.60285563,41.60460355,2488.133298,120.6861819,87.57679995,221.883449
20.85889308,200.1471581,2423.443274,76.05958186,74.89781305,90.14003307
164.4491499,63.71132466,-73.15506916,95.94724006,97.07594403,134.7696791
34.30729493,274.9103572,1178.706242,95.3600707,71.61684731,82.89054413
209.685371,138.7739133,360.2293822,112.274382,78.38439025,66.82108699
60.77956119,39.40363543,8.594791479,116.3574145,86.36386345,104.1981782
4.606079151,24.85984126,2646.812882,141.484813,73.8714746,82.05216805
249.1085348,16.253593,1358.418125,121.9108264,89.14718277,144.183563
66.88156504,59.47448341,1687.645907,170.1722002,82.17239031,93.02999879
107.286238,23.39101134,1914.440884,96.79423783,66.4881798,167.4422497
144.9108891,79.44773016,477.9324448,107.4407984,79.20506468,123.2239024
280.0311215,287.1174475,1119.916592,74.94423693,97.01861163,80.85609583
139.6880707,49.58927859,1293.309407,123.4233903,80.58613107,72.20271061
78.45085209,124.7911782,-1143.842239,78.86532375,84.07338001,66.12157637
135.3567565,100.9922255,-1036.297028,111.5935752,71.08616048,91.04519788
152.7203777,18.41159968,-541.1821307,68.23721991,92.59944903,71.23221441
55.49679388,43.99375524,653.5181355,109.7528934,62.70062924,100.0420101
53.70279617,170.5005625,1715.797932,130.938334,79.85334089,171.0725369
3.177567026,107.1184746,-765.2782431,98.84545608,77.19513578,86.2117881
4.154912627,178.7264714,-1600.40215,134.7556831,61.6068587,118.0956148
235.4287316,172.2698293,50.59649667,82.05304219,84.39747794,108.940244
23.78909858,40.05892831,2389.438419,122.6621772,71.26868268,67.74730481
169.0289822,162.9531543,1917.707947,93.69155412,83.44924321,83.32475385
157.1330072,94.72802098,-1110.035328,83.25045923,84.64947359,134.3299168
40.84356429,31.91544308,879.3055408,130.8158607,85.18204269,111.3556531
23.14573023,202.5596223,2156.33137,96.95523385,84.70451177,137.1089256
220.3143833,96.20789856,-878.478081,97.44019019,59.31860915,134.9307845
103.3551443,346.3093109,-1296.424008,81.258237,79.82431594,81.21469518
34.66583642,48.82960185,-2162.118281,137.0854168,62.84590676,131.7464349
143.7040858,124.987078,1105.854632,103.6937335,92.11829102,106.4220993
81.32919693,68.76523626,-133.9134129,145.4986689,81.8407274,76.58738212
13.96895112,58.0403251,1876.459445,93.9526021,76.02903573,144.9668653
97.23763756,99.17902711,-915.1067402,86.11397428,71.59376768,107.0216502
123.2060158,63.52136289,1574.803698,89.55107097,78.52011919,188.1671014
81.11299755,143.3788625,-1621.223306,95.93789615,80.3641949,85.82692595
187.6479052,57.65324772,-122.8617437,90.97549811,87.81025645,59.91967353
163.7443007,25.66284045,2246.490918,91.82265461,69.03935724,125.145991
101.9912305,56.5308114,-1783.987082,107.7162059,73.23625137,91.397104
64.07631823,5.91391476,864.4026172,89.809182,80.41205006,92.94199726
192.2428912,134.8677878,2006.749477,82.59407266,53.04666845,124.8785663
204.9410142,12.3122872,2143.387964,104.986533,108.9965118,90.17713028
39.68765601,76.93814009,432.2622279,145.8555203,72.27226626,72.72385546
56.55091365,131.6920252,1248.977618,119.576719,82.23155782,89.63740141
6.561755007,21.54141118,490.0285838,123.7444423,65.91584775,56.52846332
72.4897542,48.60357272,1440.406117,107.9594227,84.76256341,121.8075389
52.85529625,285.2334733,-1148.605012,86.70372568,75.85104634,62.90449741
94.41878766,156.3257014,1802.202521,114.3146304,88.90407463,98.95723021
34.16799982,30.29438768,-1480.311702,136.3311838,65.64520009,120.6469676
139.6189515,82.7161851,-1432.458923,67.42556459,82.38390659,69.97556388
176.2045781,87.67639231,-2561.897265,112.9967246,77.2661475,85.71200687
104.065378,35.82377411,801.4981783,73.6247194,95.81939596,204.0376734
280.1540357,26.98465206,-1860.362717,72.97452869,55.93733172,134.9111267
109.9378466,74.73461809,2466.687047,74.0542456,86.31910652,121.1192131
173.3819807,31.99987446,-2708.154284,113.6540849,62.97651193,151.1047244
27.55460635,39.50072717,1531.009469,100.0276535,88.02225279,97.10820243
22.06535662,293.3516527,348.3835257,109.861059,89.69129359,129.449422
206.2512608,40.65470164,2391.466243,95.84324484,74.94252938,75.61572221
41.34850949,8.270007334,-708.8173683,109.1360052,57.81272836,101.4380583
22.57129101,58.48567658,-2060.928858,98.78346926,75.56319905,103.5227886
23.29632285,65.33580657,2064.537193,93.10928798,82.14461546,78.85686798
125.2417013,42.84275696,859.0978863,91.71943259,69.4887519,73.5682065
76.10540546,23.69418082,-1948.815906,89.50172203,78.56998628,97.9950558
154.6672261,51.16884453,-634.5462242,83.66629134,58.04177045,76.63747381
49.46799662,110.5595345,1845.919035,63.47647711,77.06584345,80.9093648
45.55808221,226.7824567,1925.246821,83.09732247,96.7060039,227.0755649
212.4723831,61.9020781,-1089.454038,69.9554991,90.16282006,72.34917893
7.571893698,47.62101121,-617.38513,111.7166382,100.1264308,120.645047
10.66008458,103.555765,2342.497183,91.72447533,71.51007758,56.6142273
275.5717784,9.661509127,916.8312677,94.15989946,78.44897922,117.1963102
25.82110382,100.9128145,-924.6704129,102.9550636,76.81886265,112.4871824
212.1567418,42.89815213,1463.68217,117.0316829,77.45779578,81.53886691
76.75361232,96.65888138,-2295.133861,81.45622801,78.02840445,59.11513311
101.3607127,45.69873195,2496.135896,75.35909404,63.61486792,90.57505604
138.9191117,76.35077689,143.2801486,97.13542444,89.57230609,93.77893838
85.04478022,118.2928413,1874.287875,64.20631298,84.970309,82.71488323
96.48562361,61.60714832,-2417.106587,71.85210112,66.65761763,71.43442608
64.27381329,66.14213731,-2592.721168,88.26137865,70.21951775,87.0053941
109.2172504,112.7509061,1636.13479,46.7733068,64.85609211,112.6933806
80.18057479,13.07146599,-1645.29189,125.6060793,75.4174361,152.6976336
143.9677114,13.49237364,-1905.112075,117.3234278,74.63909108,92.18815559
85.39670741,86.15673273,998.4199156,134.8075108,89.21954904,85.21021835
238.4315981,53.00346554,652.0819428,101.6865924,91.78742002,109.9564198
42.21613743,101.0062462,1213.472819,122.379176,64.80925997,60.49321804
41.24722387,153.6935228,1549.999834,85.94717571,79.15181783,108.9086369
59.36433383,66.80923209,-885.9732078,92.81926608,86.19124893,82.74436971
109.2524222,23.76485017,-2290.66347,90.90515366,79.84785544,107.203774
140.979213,50.0525034,1881.159701,58.43561382,68.90508449,84.21769008
126.5907162,442.2637826,332.3754656,82.26602559,88.98675293,98.70166027
6.014519551,55.47325238,-2690.548186,84.33686633,93.16658527,115.6536939
10.109953,60.94683958,284.0471374,69.86393113,68.17253348,92.0501303
145.7572812,57.65508989,-1709.160423,124.6598878,74.53964666,94.14832658
194.2721122,207.1232321,1691.118105,103.774484,92.93329394,113.5385475
322.645277,116.9034519,1606.441231,90.01214841,66.53363865,63.55385898
237.9874132,149.1198811,-2476.372458,88.9105288,87.14611617,63.90715832
331.8492209,4.458251071,-2678.072896,80.59973013,72.88401881,102.8882622
0.404300694,42.99058475,-343.2895577,53.70547431,86.35510566,87.91637031
260.9447064,128.3232665,-1508.429107,91.23802554,94.23418297,108.9458236
141.3594295,33.60147352,-2615.566409,126.8021607,83.21326727,128.5293628
24.14704299,69.4078006,2206.225095,110.7494023,81.69873354,94.45277519
21.40502204,250.2502093,626.9566418,83.6151717,79.86283836,71.48141673
181.2179214,125.3628391,-466.1106937,117.0304953,85.04238481,86.44543716
37.07956447,49.91542967,1328.480256,70.03294967,70.06907875,214.4745847
3.282583405,3.205636938,-1409.852859,139.3646757,87.68355178,89.12544818
17.7911336,89.6998773,1036.014668,134.6021026,68.14624087,91.74028444
10.65893578,3.272737146,-911.391207,103.524626,74.22301308,90.17801308
116.9631592,75.76289327,433.184065,104.2568234,85.06211342,47.85541573
16.37747173,203.142006,1798.06889,72.2661814,83.71122816,99.97865612
103.5821139,32.7936062,907.3589423,123.5187532,83.97412456,115.1263317
21.51151405,179.308198,2142.97814,91.44068541,83.7704233,126.919694
418.2499558,32.79159285,829.0383466,99.37181466,80.06259553,54.69745061
87.19036311,103.629612,1816.891256,64.5840959,91.87288662,82.79354031
202.7424217,75.69222131,-734.9867149,87.81326109,72.18659804,119.4066532
184.8622897,23.4282337,-2047.842438,82.63468267,95.62076051,77.57847884
146.4410429,133.2297956,1012.999906,83.86738738,57.94970826,95.62904231
7.639134831,64.26147215,-1052.23251,92.16489887,78.72939748,159.9795743
18.63454248,93.94710903,1597.70391,112.029448,86.64857795,118.3085572
230.426543,110.4995609,-2127.154701,135.68538,74.5456434,129.1998599
97.50851571,58.08210268,-471.1161272,98.25126869,74.87410238,74.7734957
141.052192,191.5298176,-2065.671874,104.1677221,80.30336634,158.3758688
90.18127239,329.3001138,-2619.41806,102.0016489,70.56421243,89.33545519
360.996422,41.47816036,974.0609758,110.267478,102.0687709,122.874394
446.4789699,83.24352072,-1711.12539,73.47659923,67.06286193,175.2538969
14.17481501,11.50055593,-534.9182386,97.18437395,95.10267515,69.71570881
156.3482216,56.10392442,-1966.757292,85.51291601,89.7557802,52.89306671
57.39366419,61.90750565,918.2593448,88.68423304,86.02773335,104.3621896
52.31750078,25.22643615,-758.0009912,108.47315,81.53421652,52.99701654
239.2982541,100.023816,624.9321843,92.48531718,70.87735161,98.44521043
43.84029473,278.3635284,1280.258633,94.36120354,86.0704202,145.1555758
52.96618491,63.4035319,1941.689773,82.33538091,90.65526195,77.1059781
41.83808914,120.7308726,-1319.500626,117.5554224,60.00819834,130.0668199
12.23927052,192.6336221,-2310.98436,90.27598181,84.57783077,96.83829494
100.7209249,77.19200186,-2458.343877,99.63064859,80.14808815,100.4513703
14.96386236,17.80082448,-795.1033096,86.62962518,79.00080055,43.04291455
138.447435,10.80889331,2368.644199,55.39000378,80.88241707,56.5390784
266.2257005,36.93377626,-2678.359425,106.5119282,70.21847649,173.2289196
312.9208351,35.60508884,-1210.229095,76.4170834,73.48284134,90.07061114
107.2782273,19.83054241,654.0805501,101.3034626,93.45660618,110.5338311
200.0786362,19.33392089,2128.48039,126.3490776,97.91170966,95.94712965
73.86261469,22.0135184,-284.3452177,109.343524,85.37317799,108.274728
106.774412,110.4622738,2158.256431,109.611353,76.14866551,77.10479514
83.07769338,18.83611374,-688.7475737,121.8289294,83.38260874,109.9855744
225.8699105,288.9979278,2108.186238,99.84359725,81.79650142,98.41433714
165.780416,60.58148868,2650.212308,104.8479174,80.85529876,71.25709625
47.80761816,39.90891435,-1265.254733,111.1126315,71.23448327,121.2099735
42.26771774,150.1257503,1271.613556,94.1234087,83.92980834,93.28435591
255.9748007,297.2807775,24.36000785,63.55163043,81.9646479,106.1045204
110.7533294,183.752921,-19.36282237,107.368433,84.54736612,112.6701774
119.804987,106.8479975,-934.5388763,118.1804154,84.69250203,90.38238247
6.530528433,7.710780007,332.5745528,97.93404775,108.8619483,141.3640829
7.482464279,17.12073348,442.5177668,70.16510141,57.47147695,183.3338357
17.33931019,114.2390501,259.0493764,114.8115907,76.7321976,81.98408961
106.9270026,155.2021678,-867.9751129,61.79411838,76.39274785,101.6615907
88.69990978,133.3262153,1588.320286,90.37786619,78.04150702,62.1914979
344.718867,51.62210129,149.5067305,93.47648834,86.00070503,89.43115488
30.22825909,31.19408418,-368.9607622,67.2980716,65.60552137,92.19069353
236.6264467,283.7320887,707.7827917,104.8879747,58.64162911,72.44142562
128.0520798,25.66495558,-1714.428371,108.9457537,61.21002418,108.5542607
9.455664417,94.04075398,838.6488741,91.42674702,76.69380768,168.4732628
203.480544,12.62657308,345.7462019,74.14020261,80.94362084,92.88736579
48.23092167,118.9847904,1040.399342,100.9203074,67.52516165,116.5745263
58.84126568,33.40732514,1962.690874,105.4165745,67.0675658,141.7271586
93.06516688,38.51053553,1519.172948,100.6631381,72.17204405,99.06748891
88.96810106,67.02491658,-1493.889855,139.6414261,88.5384094,67.29534227
370.0979555,143.6437745,2475.846115,115.578567,97.84335049,61.56720543
145.3669343,6.147998702,384.1167496,56.56237713,94.13083422,79.48433813
23.23442347,77.40419253,1561.234426,48.53315956,77.3601883,78.73240334
38.56502971,163.8147588,-2396.283053,85.00668131,87.11416819,68.77476836
147.7986853,17.38033643,2282.090259,65.4709157,79.82608523,68.41860119
165.9260342,354.5172461,-1126.065812,70.56860029,67.25485845,70.30021652
3.900781559,193.3426874,-1100.221182,138.7780447,78.86107216,112.6557495
19.96286092,189.8083415,-1583.473781,96.21733923,87.46434731,68.05790862
28.64818723,67.17326003,838.1797915,76.04557234,88.46606849,51.64492716
119.4803853,70.34037674,2032.967686,89.95724356,80.67780277,141.6665661
34.1804703,175.8262764,606.9404918,69.38531697,74.50637071,81.919047
104.270783,262.6443427,-160.4302348,77.72180191,74.67426745,86.90575764
69.55838518,125.0071839,-269.6711049,66.61667739,74.53400438,111.2837511
9.031197307,136.2881733,1413.704258,130.0255635,81.80814454,91.56835001
80.17579245,50.64358237,-1530.996722,83.82096119,82.74617713,81.13279281
39.2544023,84.92197046,2338.112972,113.0798892,76.48289706,127.274925
3.081322556,43.4663562,1677.586334,102.6050026,93.46905177,43.34826336
140.5695834,107.0646858,2473.730406,131.487245,73.80375022,121.2611458
60.52805646,259.4746261,2043.446392,87.10554895,82.3502172,102.7427971
92.34009051,115.1519055,662.1705207,98.86937951,81.02858247,88.6384646
76.13265946,62.11111594,314.4368924,105.9787436,78.10273298,60.01133285
89.01126439,49.48736243,-1567.554267,100.0418036,91.54341196,138.7892846
299.4511631,10.60240852,2458.386382,107.4290003,79.44888005,111.2499409
71.5426668,193.414453,-10.78424547,83.22981958,80.52947861,58.53363581
99.98190584,7.621920276,2207.026423,74.65969512,73.70081224,66.7846943
12.70951192,48.96153947,1367.993025,115.1800891,85.90316129,114.1095989
121.6592051,75.02714566,1148.903224,74.63278585,93.17359087,48.25077138
47.1969792,132.3916064,-1024.99222,69.96508841,81.79629335,146.1421732
286.6312512,87.24184288,2676.590934,109.0385276,69.56966476,87.32289436
26.12808531,24.73113122,-644.0939702,122.7182754,80.59519943,150.6708536
107.181538,32.96542167,-2065.09463,108.7231956,67.43044352,68.91581738
100.5677969,63.63945655,1063.822152,110.6410066,93.81149308,121.2452095
247.4420859,77.85656396,-1552.54847,100.8838922,71.70738658,87.23151329
80.90048237,121.1923141,1764.637631,109.1739645,58.58961554,76.15735757
19.24308531,77.81625689,-2418.543019,87.1046339,97.46336154,170.0697408
147.6849189,71.30038097,-1465.316394,116.7854754,94.42065316,72.72521977
1.485289643,51.32895723,-142.5593921,93.50797051,87.38705173,106.142648
31.99138491,30.1827851,-87.55905139,108.2346701,70.54592799,63.17527778
38.97457207,91.15511429,-1888.445126,58.78217495,83.61519109,130.6844792
1.477177959,76.45283534,-1400.504901,117.3794327,76.64369732,77.4653183
425.4637889,80.62510264,1341.962859,99.02445636,79.30327639,80.36382137
87.2750434,6.556906382,-284.3145751,120.19428,90.37820663,94.5509885
351.4636699,89.38388439,735.3423713,110.9441059,86.07473807,124.9732738
146.7876445,98.68727368,-436.8497955,85.03711457,92.91522761,56.8034168
24.41794051,103.1785494,913.8041931,83.91586284,81.63460464,61.61009476
144.798814,40.69131944,-573.7943357,129.3355762,81.5344964,99.9994527
61.11850539,71.15798223,2571.52443,151.7559202,60.58025062,62.59648058
97.13889926,112.0083843,1132.41953,90.82102207,85.20311124,116.0704305
5.305466582,375.503015,1621.102449,94.08437294,75.32257146,117.9515263
74.58640711,139.5582743,1740.335321,129.7121349,71.24607513,71.68889669
145.0783434,172.5294292,1468.484784,79.59928989,72.67013413,120.1024942
3.354703313,258.4519204,-69.70131372,96.28609359,77.81071433,121.2679525
19.02604116,342.2574951,2285.487675,67.42163698,83.82231826,123.4677665
90.19275483,63.92053201,-203.7649365,84.16917846,87.08604612,118.6978977
71.17607125,84.07514731,-2016.322949,83.44112043,78.90759156,132.0430661
181.5250128,197.3957282,1277.050412,119.6613991,87.28243118,66.9805641
84.29149797,215.1003908,-351.3145955,83.44228899,80.44672449,57.78443335
149.127471,71.19051397,2308.780937,98.57755413,85.78821951,66.11658162
13.90379775,95.5164878,994.8072376,171.3687543,78.33858237,157.1588474
52.0711654,71.4809982,2032.481029,114.491724,94.70366133,97.26932619
392.9440603,38.53900121,1092.530036,129.5428607,92.23070312,89.16373935
216.9443981,119.5323652,2555.679186,103.0303274,85.39502339,94.61847551
7.745023753,79.19145061,1735.332284,79.25869693,112.2506189,96.04754422
32.20211582,19.00280387,2039.843787,88.99188294,83.93125997,136.133345
30.636606,57.54756545,2629.303427,128.0270526,73.15997038,151.9097075
168.9320308,133.2819083,847.8052748,88.93129575,76.33189299,77.305716
37.67849835,120.7161387,883.2250042,103.011362,76.61974953,169.4495816
200.2234682,30.18307063,-1766.430965,83.89611871,86.53509773,67.21804584
2.318296254,85.39586573,-2123.220584,80.47698838,92.99723522,92.12700904
31.37824886,76.7475239,1620.290601,106.178707,84.95346367,62.09263739
78.59948304,18.84567964,-1014.731011,136.4906224,72.47980158,114.9516957
183.6625077,27.55296346,1541.371929,81.71953402,82.29972515,137.7395579
56.70841313,39.9714139,1522.987741,89.53898425,80.32681423,136.2025797
36.48238575,51.16695655,-2308.827993,93.73646143,85.83307607,118.1761111
121.8853323,35.34101893,-1530.908486,131.0294534,81.19827444,122.3239663
8.718329192,78.10982867,-1395.507798,65.44403206,85.78972453,86.74246642
29.3896287,180.4460091,2279.20063,86.4287042,74.49637772,121.0229884
205.1556153,40.35317033,-1169.388297,101.8857463,82.82930158,83.04602995
383.5386469,30.74421021,-2524.630043,61.87021179,89.70540939,111.3346372
274.8449051,115.3032834,-1365.263391,94.45924692,68.1101812,162.7923303
100.5027983,163.0281843,-2412.817388,88.4107656,71.88545288,114.458757
27.67528658,293.711559,-1115.981818,107.3662362,70.72104816,92.28584741
38.69324845,118.4504353,-326.4681453,71.59514276,73.68437725,86.16027823
42.21946359,45.97824037,951.9636192,90.18074802,89.16895216,61.37761078
156.64108,94.7164589,-399.1434281,138.9631188,91.98366275,141.9836507
68.99772718,81.98668705,448.8084773,86.67277436,81.25855228,58.43958984
26.46700465,314.2299752,2189.418385,21.47803632,79.85380185,85.89391904
246.5837115,146.3145039,2388.017642,117.411,85.08965013,98.12332583
103.0050414,83.45535669,-1954.175465,105.5155941,87.6628506,120.9033398
97.70103229,93.49339731,317.4587528,95.71547939,68.00363642,103.3417111
8.406111046,155.9203067,864.5094544,49.48259748,88.87647666,72.11857571
5.026275125,155.9845321,1638.865785,112.6029449,65.87252544,77.20683032
74.90441751,154.7127408,90.36461765,127.8578882,74.02254986,92.99671578
86.43565736,126.3224221,-2251.653364,111.1029068,70.22403616,99.355559
143.1730659,75.94865877,2448.948797,71.75120396,83.31251092,116.7481688
33.30239942,122.2535354,871.2287952,121.3794743,71.97821318,99.33811016
173.9252606,30.6183098,1187.269844,84.46723773,62.00085755,96.47641175
120.3561873,184.6580418,2102.455776,112.9327663,97.78630938,87.08535101
50.00640016,19.23049474,1594.786686,62.1815063,84.19689277,75.54811357
307.5988561,57.54389849,606.7748678,101.8843091,83.47562821,104.9620924
37.43123813,355.351448,1504.098127,109.0804268,74.78721496,98.74611396
81.27569052,85.25384522,570.8918544,119.3934542,77.06874946,100.5470327
172.6780017,214.1887117,797.0446893,134.5675991,75.80844171,57.27297811
135.7549216,64.90704047,-1275.211984,80.59245352,89.87420701,104.2315125
90.71585431,34.6585837,-1127.441656,92.08950306,80.66285282,108.0196024
257.8478708,80.20181795,2109.260728,131.819925,86.31289112,109.8073941
90.31763065,73.60382956,-2442.039293,84.02383165,58.55778542,81.5587346
132.6839239,3.396053611,-722.2177247,86.36949722,80.51645937,116.6969609
10.32076385,9.344882535,202.9098489,93.77347031,85.60485111,113.2527466
86.57307203,139.4729144,-1053.923921,90.23951966,90.40526619,52.10058754
153.4839005,61.00457856,-390.3224305,121.7112054,75.81421495,59.2446965
213.5455906,28.77767343,697.4411639,107.7753058,74.92654055,111.6394283
22.02597982,115.3447457,-174.1941648,75.79344606,70.4766929,66.54640088
181.5297873,123.369543,-2622.552898,117.6770017,74.03678461,81.31490065
13.66639477,130.6505469,-971.4189315,85.64968376,73.92968256,118.1322774
21.75236595,160.5999295,333.8681915,96.98951569,71.03605184,113.6495204
123.5296051,207.577513,2135.363271,124.2119332,69.32847321,159.5998456
178.6556394,340.6564009,-2628.93798,87.38318416,76.44958318,123.5068759
3.700818498,194.9134056,309.5599546,123.1015399,83.80949272,55.49170073
370.5721695,47.89078043,-909.5064527,116.3429183,70.82131213,110.574792
300.3788288,31.95812593,1376.737171,99.91221997,92.93058609,50.90487382
27.7181042,18.07719009,869.1937073,107.8480955,95.62823317,103.2637632
86.92095812,24.99787622,1112.286839,107.4796618,82.78169974,187.0210553
39.29443093,45.76004436,2436.931215,90.58463339,73.11973498,93.12681243
26.30717547,16.10113462,-806.3032571,74.44750915,84.27143303,102.0131717
76.86684603,134.4944572,2109.95922,64.84735106,72.45153161,143.2870331
98.64632148,59.39291801,766.9164785,90.27894884,81.8769734,148.9986672
7.95707631,179.4696263,-1065.729293,83.53233832,92.95552822,96.42742894
18.55970126,121.4503352,587.4504134,114.1742565,64.70938878,106.7419039
398.0094649,75.38487634,-252.2187266,115.3554444,78.16710795,96.5568827
845.9599253,48.84416485,1616.180313,82.83900484,89.88383295,80.37957579
21.02054696,43.70114765,-1286.503107,92.60048987,88.27149807,116.1225734
19.6060618,254.4585409,-1569.521553,68.99169499,90.03913307,99.93175599
40.55203065,114.5633,212.6988163,108.9825523,79.2244395,68.17910472
137.9754398,24.51877962,971.036146,114.3150275,76.5923266,90.126469
0.637404433,80.97560966,-2446.027231,88.26939022,94.60389459,121.2290188
44.1175189,18.80863323,64.32180485,93.8355125,80.66997515,116.5689785
34.32460552,160.7954436,-1424.426335,123.9198792,72.68863954,75.54828667
10.28678478,28.17612381,1286.364304,78.99775809,71.05162006,102.5692028
17.709234,63.11237466,-1173.90072,86.63108562,73.60544641,98.87436151
259.6781023,5.169134582,2611.661866,89.15469427,87.52475322,68.06487528
11.21914871,130.0623648,2003.708359,78.27838244,96.94654568,73.92632879
191.7907027,96.3619881,-619.750918,100.5241625,75.19700462,81.16692903
172.7637728,89.61646338,-1028.676808,86.64726915,85.83878292,87.00445075
304.2355874,72.44357085,1987.492335,129.6757037,83.67246372,78.5817292
23.95687627,75.87599429,1866.610907,129.0111026,84.57876053,99.46512848
6.088968689,231.4897276,-104.04876,99.95935324,102.9008218,55.19484528
28.10167383,50.08656894,-532.4858349,112.5709166,67.93788994,115.7218594
63.6862518,32.20849308,-2101.661175,127.0148639,62.63134807,166.6826644
42.9737137,57.93030276,506.3563853,100.6384307,84.57218474,108.8346015
185.5403005,30.10698763,-887.1245084,105.8230478,73.83949327,93.00470888
51.26660403,107.5781312,701.7703487,122.8028057,92.88809041,91.05564081
111.8069961,5.954557004,-911.7238425,116.3833602,80.32955965,82.5301532
58.41878911,39.01883455,904.6194741,87.2599511,71.97263175,131.7722839
15.83785468,49.41886765,-1855.388111,110.6701525,78.8450565,177.4150636
152.9849876,240.112848,-240.8965658,115.3364325,76.33854096,104.5502284
74.04845296,25.61685784,42.88860835,94.34527741,89.46929317,121.7492086
83.24514121,52.84407294,1963.058943,98.20800492,75.06290005,109.9578224
123.7964337,160.3748975,-457.4829201,102.4364315,89.38457483,113.934411
15.48969377,204.4194421,1592.070346,76.84527225,73.88220488,110.0647172
52.06414428,260.4218261,-1047.065011,113.4672319,93.01927723,84.0974319
27.76457716,52.03975133,-2709.698173,127.2515154,77.31153927,96.37487962
8.97030053,88.02349944,610.4680265,126.3594989,83.66917954,106.4543162
59.17254107,71.23416209,-1820.20363,115.4958355,77.26524939,73.74005103
326.0641194,129.9110087,2474.094444,118.0651367,91.55627224,171.0585851
147.8786227,94.81974498,-2705.906534,94.34021579,76.55085097,51.32831035
19.32826527,78.50049762,-701.922393,119.6097012,50.96238692,173.1810797
13.17943317,159.1023558,420.5055711,108.8754538,79.98167287,58.83613005
21.82229508,47.0498709,-1614.514713,47.84421956,82.71927008,125.9252246
82.74313315,281.8354395,1063.738069,136.9013113,67.37649992,101.7512555
28.02290682,57.82428924,234.6840773,92.67271473,87.32358959,60.35783584
64.41841895,47.79451303,1132.289812,91.61508265,82.43800783,70.37299582
26.71222168,32.06213049,2274.236194,99.93358446,78.53276526,123.8493416
241.2232842,19.71740223,345.6834684,101.209157,81.57771698,107.7256551
101.3889433,31.90117962,-1359.602727,82.2934543,65.64277979,63.04135282
11.93372412,52.66036049,1283.042265,108.345015,65.1489896,114.7516858
214.8593556,181.2267104,2512.397637,105.6368524,90.86715057,127.0649925
12.76217405,3.155176884,1341.111477,93.91491525,83.39904668,111.5828022
99.31097589,59.25206746,961.8198513,105.0612888,77.06153534,84.47593633
226.7226748,364.3364771,-339.0112816,113.3501657,90.88156177,89.25186049
10.74891354,97.15483882,672.7116207,129.6891354,72.93014107,129.3304235
208.9000336,280.9467276,-1258.923907,71.66767638,91.31412629,48.44768246
60.71683508,86.4320994,2372.616773,91.50223899,83.90458342,115.4585734
115.4107415,25.89034872,-1795.182049,137.9064054,75.72841245,107.4396685
56.4527475,160.0101418,-461.4246127,102.3844683,78.04331618,117.4498108
228.0109913,27.64696428,2340.820458,117.1901358,79.2176242,118.6653401
58.45731291,15.51587956,-850.3518143,105.9163455,92.02670329,98.5263172
32.0076144,103.0031044,-696.935944,83.18318575,65.54251487,117.1467489
62.07169298,30.50980137,865.7989912,116.6045433,80.29815168,75.81142162
49.46920935,68.30375472,954.0058745,126.6118632,84.49046303,139.090494
306.2665149,94.0761732,2104.064972,98.82201553,54.30444788,68.34396997
86.00615987,46.24399916,-1473.095634,66.11676242,85.44431953,90.12471058
443.5240305,90.21194248,-65.50256518,56.92063761,88.27511207,41.93767313
124.2440662,117.0435366,1216.307115,85.38713384,73.32101445,111.1442685
113.1191627,279.8111808,-513.286667,141.910766,92.79232976,140.2410253
11.34902245,43.90263056,1988.250981,77.80051082,65.56215994,89.25755994
6.142119578,196.4516365,-39.61835425,77.98185836,67.52234281,102.5095462
91.78888582,92.59180062,-853.3325644,85.89435417,57.01646856,148.7077557
87.25822587,13.07766393,-2529.890668,99.64926849,78.56561333,93.58188542
163.7069839,40.08835144,-288.4074901,128.4648163,73.22078564,78.19039084
25.35951852,208.7251581,-1420.267248,91.88787457,95.87658448,100.3657498
0.960784071,421.2270295,-2087.302376,141.3513764,88.4628451,97.49763708
18.53240079,90.29764758,2597.556449,116.1887969,83.68337375,53.1855733
29.79900565,55.64726973,-2706.749198,106.5096004,87.55001212,60.1874932
22.91222591,61.68396599,2667.742868,109.0073302,89.70941801,123.4761036
106.5763427,1.589407758,298.9745451,110.1709138,88.34937105,91.76742397
35.70973356,85.61252446,1416.669449,90.50152341,76.13429047,74.68861125
327.0690618,172.4151765,913.0559377,84.14621407,82.5419737,114.5324073
20.73046958,41.05278681,2425.68686,89.17564828,83.66417709,117.564772
223.5218239,60.49919101,1394.602261,83.18040446,68.178849,120.2645439
55.57075427,173.3481982,2258.811692,129.7825006,83.60177801,130.9339667
157.7983448,152.167731,-1419.496503,94.83015686,75.21217533,40.19483952
79.5734577,128.7754263,-2513.064089,112.3869074,93.66461296,139.3894669
48.3195827,23.57770966,-2261.180863,65.87375697,74.2129253,44.01092949
52.53383328,65.30165822,405.5801052,104.7094857,76.22122024,68.5174034
172.0796554,100.5414556,831.9347299,121.7517036,80.54300393,186.567291
127.9363263,40.53351103,2007.496845,111.3535072,69.45739651,142.4752356
173.4436822,98.62313334,-1630.264244,78.63684553,87.91843833,85.34835236
8.164855602,76.99489056,999.7367796,118.6131146,81.20362175,76.61271135
221.0732993,207.814417,-2636.900111,88.27793079,86.67391847,67.50060536
46.85185407,6.635184744,2302.914563,115.468445,87.50584387,72.2927536
58.34501052,28.74923274,1692.016509,112.6399285,86.08075395,84.24957556
23.47023815,35.539866,1914.158418,139.4373854,84.15371878,66.00352371
23.20294407,72.39606264,3.189706425,118.7898521,83.30229631,121.6715336
53.00313088,163.2852243,2393.242558,69.01454435,79.73862668,91.00651921
8.951823144,9.21749982,2103.750086,93.76816277,76.86842289,137.3581921
60.21995637,12.34827075,-2260.935647,97.01238744,85.49110867,116.8451755
35.83899122,112.8196702,-627.9103854,76.83531875,81.17187067,98.27996093
127.8995397,49.23263344,1507.587964,105.8642541,77.71635054,85.83432366
85.34201154,145.0572605,2390.367005,153.5963879,90.26291644,83.17026429
64.23306759,20.11498878,-1217.246806,98.91361613,68.46696684,161.2660766
331.6717506,45.00247606,-2042.835884,103.0257596,80.05010155,114.2337194
31.63490363,254.0593667,-234.6668641,113.3765443,95.14929489,71.97939398
249.202818,76.03568465,2453.053862,99.23480651,78.23080378,100.6969101
518.904248,84.2619251,-2314.72691,94.94192023,83.47586278,68.03788722
25.49265688,53.33196083,-996.4905097,101.76532,101.3604137,131.0015992
108.4901815,75.14778398,1246.918957,102.9609559,89.1073914,74.31577778
181.7771508,75.95030721,1092.376896,90.96415734,73.11854354,92.75222386
106.9105333,77.09196546,140.8767109,102.0385862,60.02877597,55.62014733
203.0340924,128.2375879,2655.716966,114.2071267,86.04099385,120.0481631
45.87037384,32.96695216,-568.1072119,103.6188405,83.90412191,107.0839078
29.77809744,41.6858641,1762.589805,79.98805708,94.91470893,104.3277087
109.9553654,172.1441612,22.93544558,102.8150987,95.07403204,58.38311844
124.8175136,87.36715712,1646.296193,101.9853711,70.6221171,73.67322012
33.46302356,12.87031045,-707.6937599,117.3911822,62.68422354,69.09194921
17.93745768,272.3059735,-927.8251715,114.4882339,96.86502154,71.39309939
227.0185763,111.376619,1551.517743,85.89448943,82.09263065,68.56510372
6.45130472,92.97763154,-123.8513859,133.5540276,84.86326755,109.6479889
104.4528135,10.78728097,2078.728384,109.4028344,73.84355244,126.2801706
107.7055303,66.33561077,-370.8674515,109.4786559,76.09264117,60.44846634
123.4099203,185.6175451,-1388.937091,84.80786513,97.03389356,181.252452
37.98937149,52.95315827,2592.618336,84.62012068,77.81827103,113.0293705
165.9484415,75.11495571,2080.058955,92.22051577,63.67487979,117.0709102
57.83687166,22.19687306,-1434.856125,82.24350637,73.72441509,123.3124943
3.988817648,137.8013918,2281.73327,94.53113506,89.72443867,66.87509995
21.07086261,164.2046516,-206.589399,115.7634006,99.64668612,175.0095106
18.34573634,133.6712948,-858.9535636,125.6832863,94.74737609,113.0543297
181.8183005,44.80042366,-2627.176027,103.3014132,79.57260069,129.0514618
79.09372493,71.39887852,-1908.388905,68.74350592,84.63594976,89.34962565
5.374362297,5.537646532,353.3189549,90.03552884,67.74820282,154.1736445
104.9837376,235.1018698,-829.6559386,57.63940772,74.12530718,86.46258939
283.3556873,49.22130367,1846.565551,99.73150212,73.09207895,76.76103096
50.33692103,120.3149758,-1005.029626,97.66322637,82.15684063,90.3097905
177.4190153,46.7567587,1637.899979,90.36326873,72.11175909,75.50214159
159.4823296,73.10279006,-61.83782581,97.4476238,86.19441544,111.5351127
129.7178305,19.53514493,-2130.448717,158.1042961,92.34258843,56.57653854
161.0741027,82.59679058,-871.4836656,113.191313,79.52413651,80.64450171
88.19042073,216.8102748,296.238867,123.759738,67.12204738,86.12563885
108.9984245,272.2316625,1246.99534,80.44440257,99.27649497,156.8570831
110.3938506,73.47064296,1748.336015,55.25676829,73.13458608,72.69418464
14.14477663,66.28456842,-1512.63022,113.4851306,80.49883,87.83766934
5.907381669,75.49233749,-973.1247295,135.4772737,74.04527263,130.8560941
23.2260011,200.3947873,669.6957826,79.80908655,88.49705058,145.5689882
201.7618121,96.41119219,-232.5511768,79.11883616,88.44946744,163.0796772
32.09373819,39.72326352,-783.9337776,67.69010382,68.62525629,87.43925011
9.372009367,128.9005672,1605.010173,89.38782927,110.357986,103.6672201
36.09101011,106.8637968,2566.198712,139.7926346,117.9338297,96.44689194
221.3077991,132.1472108,304.8952696,101.1801765,128.923169,119.9924346
100.8226452,62.54880537,-1556.659311,107.9806332,111.8854381,106.4593464
134.7431466,109.882007,2160.679992,84.4728714,119.4821272,99.63391319
140.9133384,103.1515017,125.2930339,107.9563307,112.9831289,130.4151352
46.09233386,222.4295912,398.603403,104.4292681,136.0416019,84.91684367
182.4112848,183.3308362,-1752.111603,54.69386634,135.6869877,169.5066046
23.90122786,32.12440283,-738.2057182,146.5903055,115.9375644,90.25905486
43.42394883,348.9216608,-1032.096892,72.01941226,139.5068445,85.29909103
163.3275188,63.27561848,-1126.154533,103.1671815,116.2233096,76.6743774
286.4825546,111.4872197,1414.287428,94.91022171,115.559774,68.6939413
267.7082679,41.32459258,331.1548134,122.3370113,127.1402169,76.57891494
69.38186889,40.32426813,1500.448077,102.7386744,129.276592,87.74685675
45.91015519,110.415604,-1840.433218,81.7784774,128.7453666,137.9463974
166.9398383,26.78491626,-2233.712297,94.48915549,122.1519704,52.81424483
22.65994142,34.25262262,674.229765,95.52812,112.6594334,90.93968406
86.06132756,185.4372341,-2666.336056,114.0998678,109.8453058,53.42822611
383.9007623,55.80546932,2254.909254,102.7161245,103.919791,84.21066068
52.92266529,5.618078087,921.5005584,113.3404665,142.909481,118.0358882
86.70840672,73.82134248,336.0171362,120.9490768,99.71474672,101.161327
13.96959831,85.88526332,614.2396081,111.3171005,131.6534068,122.1748999
62.13395581,7.406758368,-451.6980038,92.67631029,130.9524729,111.2509729
192.5057761,250.4582815,-2248.717664,91.38218972,118.538418,106.1135874
228.2503309,338.0344252,2064.275364,122.2947333,125.8392734,122.8064014
65.8123738,27.13640209,1800.162195,122.3081186,119.0727351,146.3961731
123.7581605,71.32526046,-134.0699771,62.37385687,123.5842708,110.4399887
37.76736455,124.6486725,398.7778395,96.89817289,126.3815374,53.65534277
73.91495486,45.59102996,1858.915836,88.70362587,139.4016586,59.45296813
30.56887321,124.6581399,2368.767082,127.1696215,116.4946556,71.17378374
20.88085583,25.65701523,202.7298587,93.38403967,118.875227,104.2471086
11.51461153,16.51367805,1481.27228,111.5926701,120.6153084,100.0879883
33.45462184,67.18009013,-616.8371586,77.46349083,107.8598883,70.48861816
10.37466602,20.88327655,1535.923454,92.37769712,115.624241,117.7297498
17.80676297,191.3417048,2537.005523,118.9298383,106.2093219,81.12915865
46.56803244,96.80154746,-1716.809003,128.0314575,114.9522967,41.20434181
33.87413219,40.15936442,-888.3023346,80.12359445,111.9880851,158.3844706
132.2884831,106.8173995,1535.836931,111.6304499,126.2945341,129.7130555
3.573001768,38.85598184,-2599.661366,85.41616538,125.9758958,95.13113508
5.641018571,43.54274559,170.1817166,55.79201236,110.0873234,52.17189485
29.16101182,150.4170437,153.3730872,141.861808,115.8853805,117.8786303
10.13201941,85.27942371,-2708.708362,122.6295407,121.0938595,89.38646051
3.910510914,113.785298,-1129.400505,92.17610727,114.7261326,92.07534565
103.9874217,105.7876663,-1333.861907,80.73847441,137.6975243,67.29135611
94.82144404,75.41447225,2498.814504,114.4878428,121.6671819,115.1795896
6.66948739,150.3204594,-2242.016591,96.16134908,96.39114611,168.9045209
52.25782488,95.72969585,-169.6257395,107.3997545,149.8981066,83.27668215
12.59071039,375.9090683,-277.188115,103.6374454,113.0283956,142.9786188
8.840021191,50.34742298,1211.302997,85.61105671,136.0148075,105.5513351
179.618058,104.7271101,1821.585709,101.4821104,95.41274205,63.55909515
68.65189387,8.82657714,484.7182915,87.94143963,127.1559667,81.23074602
9.585553731,38.4893012,1085.400364,115.6500537,124.5787121,146.9572807
81.31212614,95.75002869,2090.979584,96.21490232,108.141854,208.8304333
58.39135318,204.304419,-2178.746423,124.4524942,138.7341245,104.6089891
281.8535321,127.8621996,-866.3774146,134.291813,136.1619319,89.20992038
49.99581732,54.20980012,1090.711438,73.20927088,133.2452623,92.08610229
172.1196406,38.54598954,525.675917,142.4829025,97.63259628,49.98190851
71.16059695,221.9310107,-275.2942365,103.8859213,131.1774218,102.6601495
182.7835164,28.42893499,1140.652287,105.728665,114.9184659,47.37030545
33.4628925,20.57320102,1501.935532,85.22076723,105.0290617,45.38234556
9.897963248,23.80042907,-1874.462333,65.03988954,117.6997344,59.0774455
33.72416511,126.9413056,1743.438458,76.29763811,121.5924917,80.61058085
178.7108755,113.4901002,2365.065881,91.34249482,108.55727,99.42366783
157.339222,64.07149071,-587.5171049,85.24905484,110.4872539,97.97187837
234.6703023,39.47422882,1762.557967,73.74943535,125.8181915,89.00410198
112.7279416,21.53345988,-2462.244766,130.8162031,125.0491379,45.29000407
98.82039341,98.54278099,736.2049659,128.2035523,104.5292223,67.14169649
202.503183,71.50490462,1659.420853,57.94032787,115.7599555,127.9939397
123.2105563,195.3946634,-2056.605241,129.6308927,130.0221427,119.5736941
129.2886341,45.69590422,1037.089041,99.71988377,116.6732945,71.35686075
90.73208477,68.59917776,-1125.353878,153.3708775,127.0519694,93.76326058
39.18020892,95.14119432,647.7662607,129.969112,120.0861911,108.7607247
33.51379606,4.623090994,1781.724096,93.31937998,129.3539648,81.47306601
225.435134,83.26436176,-2298.436317,114.9653568,116.4108493,107.9938868
63.87396838,105.9301005,453.7288143,101.3712858,104.7478764,98.98188884
97.66604524,68.16270869,2426.415319,79.42852342,116.1771251,146.6642855
48.36366064,69.65144785,2542.718798,116.0901838,118.9134085,57.36139674
404.3119782,80.27254402,1302.852255,57.93452185,136.5175596,74.6710514
31.82609448,65.49977446,-2240.63901,92.5089148,109.9748472,78.69522691
93.16774169,118.5960611,-162.560407,126.3205033,109.4465954,96.9635327
88.46843155,19.72247573,925.958927,85.11691569,121.1074767,131.8608124
105.8193172,45.67587495,2510.851113,117.6639208,124.0396943,60.06325946
45.98605081,233.6367941,-2221.245121,97.41265381,124.4718572,62.93564409
45.83445779,181.7761521,577.9396555,71.09789964,129.0633194,52.35021893
8.119513862,84.06060653,-434.2329738,115.7872322,128.0816573,97.84263457
147.0627633,104.1607852,1136.01256,94.77720605,123.6179585,84.02116499
368.2931322,266.2074436,-1048.132727,114.0328967,126.6005195,89.22556884
65.78036745,144.0266403,-701.7129633,70.59396767,135.9392772,109.3967547
46.90778422,114.5994035,246.889379,91.70764572,118.9233947,43.54172163
23.99161083,139.8237752,2217.729975,99.99669672,107.7867361,113.5660533
12.01132849,96.51745768,1085.016618,104.0823034,112.7506252,156.7614859
36.42151267,30.41711763,979.6324222,62.06957781,128.7000965,177.6201524
171.3730649,217.0339388,-212.2456515,108.4360001,122.4473137,102.1759281
44.8145673,49.98154038,-2516.774719,104.1377434,115.9622221,86.98200729
214.9792604,2.515514449,-1808.730375,79.87183041,119.4965098,152.6615714
36.65580937,13.53424331,1282.810521,105.9529671,113.6921128,79.37879052
93.3327181,170.8484357,2588.396032,131.4060995,121.8375952,129.170166
113.966741,7.216366474,2710.58133,64.05641165,123.8583976,117.193365
36.41808368,14.94580184,-2373.229786,98.64969607,115.5030138,108.5558239
28.49249007,84.69139318,-1558.972618,166.0098964,134.6355179,44.68300497
115.3560284,48.13821435,1093.413041,83.52180056,99.55735541,88.078305
182.8548677,13.55809859,-522.9686381,116.66093,125.5944384,98.17617592
1.194530559,105.6122209,-1081.677721,108.3944942,124.3767293,98.52703662
26.20486328,195.9889443,455.1034362,106.5735851,117.1294099,99.02405488
263.0624287,42.39675249,-2339.931703,71.61748862,121.9057366,119.3749811
53.78193098,66.30495813,2662.189103,81.64002706,113.719161,77.2077278
10.9038637,7.979383907,2154.635726,72.47433523,113.5151065,82.09587993
65.84952115,59.48876274,-1176.782926,80.73647227,131.5357516,134.8881638
132.056477,23.28992992,-915.56848,168.7098314,134.3445309,103.3939596
17.15701981,92.52387576,-2171.315185,66.57982662,125.9696207,63.38335704
7.411591638,82.84072472,1919.530463,80.30513429,125.0657766,166.6624785
149.3462098,38.0172363,-1046.20291,99.36698499,110.0032747,113.0091146
128.9829101,248.5972825,-472.3729874,66.24292438,123.8422395,105.709079
62.67619347,115.2545798,2211.24957,119.5257921,129.1511118,61.54743264
136.5937676,107.9924761,-2431.699964,118.6894051,108.5853919,94.23673076
31.42452103,78.27441634,-1827.747884,150.7088239,133.4937587,139.4093512
48.81117564,42.96308491,1847.771645,112.2442664,121.890516,87.8915398
141.8950952,258.7058889,1458.491639,114.8036648,110.3697497,98.16179707
9.214487079,97.1031621,-2690.959013,118.6710023,116.7199795,70.42556441
283.5420669,165.6754706,-1204.821074,78.91019533,115.9174212,122.8723864
67.5096929,51.77378246,1821.013749,113.3619487,115.2175569,132.1771504
49.06675434,13.27542725,2504.421457,104.9347088,118.0757034,121.3712544
115.9481269,108.7019449,-639.0214967,82.83005108,110.9347485,83.74874838
238.5256988,107.2524061,-162.416078,94.62301123,116.8353454,96.52030413
106.8726188,58.13703213,-2333.820665,102.6388086,110.8276334,56.07629425
105.6734691,91.99487415,-862.8333737,136.4947472,110.9690729,155.3008702
2.73998741,180.7646018,548.4184542,94.13593855,127.5192228,86.02563063
253.7649445,26.20375873,-1698.755859,113.0430213,123.0574104,116.4178489
91.25183494,87.19669541,-1967.750945,82.64691482,120.2368876,84.76578841
30.77025574,281.2189807,-2411.847016,96.91562799,123.7566999,97.27642301
26.37176732,63.94323032,-596.1989726,86.92481237,118.6370092,68.56334847
53.89526639,183.5309061,1735.814036,98.83009055,103.0582563,101.3873836
40.84059114,251.4912206,-1367.476363,111.2864323,119.7791475,62.86065986
9.005912658,90.9130252,804.1096645,69.99892145,112.336457,116.3969727
156.5612936,59.27908075,-1558.252488,111.796223,122.6800109,94.28198556
51.09044665,193.5254845,-2326.253367,79.47207626,122.5970672,84.02630152
113.8356115,57.04521774,554.8888558,93.88956524,117.4409589,91.27085544
72.40449214,71.55569695,1492.295773,91.87261937,121.6726644,97.39017534
62.49736161,156.9550752,1952.907706,131.1373988,113.5150905,166.6402014
333.7924632,217.046264,1307.692028,121.3773656,121.480544,97.438883
12.27459458,26.85639146,1185.036607,95.13643415,130.4007068,94.21341639
10.76371231,133.0405591,644.2075909,111.8681951,126.2891682,98.32696534
40.96464599,35.27508996,-2609.68981,110.0273413,134.9531245,144.2640843
73.48202622,68.1513563,974.3294891,99.60736965,122.4341464,107.1037814
375.6871371,14.59792612,1519.091764,78.9429169,128.7697423,81.03127793
115.9498113,37.91365368,-1848.2039,116.5532398,116.9401082,119.6198935
1.3327834,47.84188284,-1388.749811,106.1336664,130.4150653,111.2561181
112.41554,71.53132321,-740.5874392,101.2299916,139.5711039,120.8138236
170.5191612,247.4433857,-2154.220032,116.6263784,133.0773673,92.49003315
186.9943109,67.66750616,2020.852866,107.9839447,120.2972667,112.4310244
289.4110123,40.28135623,516.9132896,103.4163162,120.0616319,109.7967019
89.0634702,67.58039626,-1578.357935,122.9546269,131.6823063,151.3254686
19.03259253,73.76905439,2468.030806,93.00172196,118.4211151,138.64868
12.66008091,38.5326343,1365.836504,105.3050884,105.9391424,76.7112637
17.4408794,38.56437166,2174.845231,130.4111247,114.5338868,42.05177124
4.574167847,37.07821121,328.9643241,104.0651611,117.2949295,59.59288101
94.89054823,65.65657768,1809.425563,93.28315659,130.9289779,64.29587365
83.89705009,122.5382965,-1992.362855,100.0315364,134.7897173,78.44250855
170.8635921,53.76159186,783.0199954,78.10092688,126.2856422,98.6488002
6.354066003,68.92749399,1223.658463,80.4107686,97.94169687,122.5602534
4.237547155,41.69797709,-351.5458783,140.6042945,121.7993402,113.0517971
20.36980273,83.20871276,-1930.537615,99.60807261,114.6022496,81.90130539
278.7568762,57.59397761,1031.706988,95.07060234,97.4953891,81.35928756
56.33236569,48.73986542,-1479.208756,80.21437187,146.3524294,112.6376888
32.20305903,159.0497241,213.3325711,68.31825675,123.6410978,73.4416568
20.38572897,51.32258672,35.98077426,82.80861031,131.5188195,77.95623389
123.0619989,82.91165579,1765.465141,97.36505826,114.1295793,54.25705511
144.4699746,389.9454046,-747.478079,92.0881217,139.871767,64.4725291
146.8278591,106.2744099,-1718.285557,82.53264632,127.6009567,109.7314133
51.87299363,53.67720139,-712.5170947,92.48011431,116.8145842,92.01904173
106.5976335,51.04842849,2272.782141,79.20459957,105.4618516,176.0292218
56.73519271,58.32853569,943.054317,87.4735902,119.1806224,113.7286404
142.0040883,129.3075008,-318.3180547,108.6042748,123.0220383,97.59351479
53.05034363,135.0978015,2089.166203,70.51834713,115.9944213,102.7745306
0.22832797,80.25076446,209.0676802,65.277049,120.3700842,58.20989203
12.39499521,101.1535817,2442.207289,69.77965935,115.9946848,160.0433142
136.3530744,108.1111528,-340.4159819,130.0058318,110.770578,185.8230869
1.499739572,265.2742009,970.767985,93.13704759,125.6413542,73.66411281
120.5323213,8.187118211,2046.598171,65.55773938,119.3891674,96.48750044
7.434814601,179.576498,1529.154204,115.3407241,120.7633789,118.0424858
51.43189045,60.51901489,-393.2775665,72.56420733,108.7613136,84.16164252
76.22701785,65.7450899,-1308.062047,108.4636156,111.4081851,118.046016
4.156464608,140.9187471,-2284.343337,129.4821537,116.2011592,72.7200978
1.719130225,73.48149718,-1402.774647,106.5199761,117.7295256,66.32193748
95.74621248,44.74691814,1883.963007,103.7249532,117.444291,94.62158156
10.70906478,27.53473356,1580.040685,81.87205639,124.0652837,69.51827048
172.4100968,39.08733968,-1619.550161,123.1416712,130.9171303,209.0324792
66.0056843,99.67051358,756.0468297,84.66668946,119.4260102,55.95118936
251.6664074,45.71742735,-1505.81064,74.86956702,100.1660768,142.5316265
52.73652338,44.49181556,2316.834937,55.01946153,117.9149471,91.57592877
131.0838513,100.0357517,-1559.280065,110.1259412,131.0545738,81.26946714
8.372867436,140.637863,-853.765467,86.04885667,130.8648005,111.2379768
48.60548439,156.2942668,-1655.689402,124.5126236,116.539802,80.5547221
123.0952197,273.9871143,-1319.532974,91.38051495,132.2808136,83.08647614
245.7081904,24.67320537,2501.035669,94.9547346,137.2417677,53.86420724
124.4544828,312.9242502,1148.213144,115.3098473,118.8656439,95.65032709
109.135052,144.683695,2660.215748,96.25398801,124.6210767,40.40786632
34.87028358,142.2966453,638.2375561,100.7212893,107.5879693,83.86864673
14.3158969,154.5786315,786.6094139,92.69462478,116.0439043,113.9357234
45.41873004,52.73279793,-1976.438426,79.25539638,119.5794844,110.8347159
302.8374215,102.9974718,-1727.650078,102.0113459,125.0783281,98.29290865
186.5675548,167.2023829,1837.775993,111.7247525,103.6004106,127.3436077
14.52184151,140.7411793,-2298.173712,119.8987459,115.556509,106.8282369
387.6562504,221.4032444,1286.244057,89.56966402,96.00998429,196.4452095
178.4969728,110.2001577,2238.522079,130.2553081,121.4605519,86.59379454
42.57616153,127.5650982,1071.089438,107.3849179,112.2375653,110.4180984
3.237753849,60.90371191,1131.51445,76.12094567,117.4756607,59.67736482
33.11020416,30.08298337,1881.408547,111.9804543,112.1537556,80.35206636
5.188334099,9.194088728,-676.4353288,94.64733216,120.0863562,106.836467
32.66274132,180.5922247,-25.62778503,132.4998574,115.9930449,55.9194647
29.95204844,33.40639759,-2499.397343,164.1299434,132.4878185,100.7554072
204.8003393,136.5964758,1284.911684,106.7605091,117.1113916,119.236139
23.4574389,41.33580457,-153.7098967,96.12709431,113.6918526,88.50933691
38.69821674,40.30804655,-2247.281526,73.29598015,122.6297545,80.38344285
258.0116429,24.33742908,417.7843515,119.4502303,130.0295726,151.1678436
13.59486104,223.1072466,-2220.493879,63.85935661,106.5367942,74.4728336
268.9310222,195.738805,-611.156677,150.8070413,127.3066587,69.30085104
67.89107308,268.7558788,31.23597209,103.9201426,121.4065394,71.50505384
186.9743133,31.461522,-601.9021619,127.0178308,104.5290255,118.8950127
111.3060119,31.3338682,-1174.046903,59.33368507,125.5147187,113.8224903
2.563656165,143.4589975,-68.84321628,99.86321445,119.9189965,93.19660352
74.44494936,121.9380494,-2133.150358,133.0221952,111.9063835,80.89483136
66.37273404,94.99815603,-2100.21981,89.78632069,112.8496009,69.97007219
64.02147637,73.71035573,-37.13119617,68.77056119,112.515122,107.961664
246.4185772,9.610987952,2466.355452,126.6615198,127.1107271,96.56752869
44.65603284,79.29638999,-552.9608929,117.4542146,125.8509076,142.6328437
50.94762489,229.8580698,2113.337248,90.64867818,123.7453422,84.21621915
21.78610321,26.7319324,-1913.309696,59.24053303,120.9662326,95.26463051
61.82381236,42.10529459,1775.505729,125.0335333,116.5375711,106.5897891
59.86963103,127.6363777,-1482.284508,125.8310764,113.9245518,54.91690198
169.4418862,160.2991732,1920.810046,121.5078098,130.3380444,101.6704155
38.56564394,57.10072546,1234.005526,116.3665029,128.9557392,110.8905685
46.52228466,93.50641578,-1926.560891,82.57233078,117.6215535,95.06733063
14.68935551,61.89975253,-1007.640502,131.0890389,105.7105722,95.73856282
70.26614413,110.2984232,-2605.894755,93.86650006,119.8959387,100.396062
129.9582883,9.00757696,-1401.278213,109.4908491,116.7237439,93.85417863
72.02046254,80.60034542,1825.575755,90.43707409,120.0875156,115.7685323
21.20893079,108.4395536,588.9942083,118.9334091,113.0833268,68.69756974
34.7226603,74.90838594,1478.002186,104.2073135,113.0779078,84.20579938
45.51795065,65.53155847,207.2461064,112.080666,118.6453614,154.8442269
76.94014854,217.3136378,-2274.702737,103.1248729,128.8555656,44.6071226
206.8206262,165.1046624,-217.7879198,80.88888289,106.4180626,118.6032436
39.01771335,38.2717128,2068.548275,85.20696539,111.7805489,107.4704066
89.28515006,13.82363704,1963.954926,136.7630675,119.1330818,102.0070342
70.94305285,47.42415844,-446.2953252,92.10395246,107.1615162,110.1950883
95.63808706,80.05590028,-1249.7181,101.5868386,113.1206881,39.57291601
137.4967547,74.72011788,-1556.284531,123.812112,126.237465,124.7994125
238.9169408,94.00135905,-2144.055307,73.1004459,102.884589,135.0915969
22.98111374,29.84231072,904.8740605,98.99768581,120.0049558,43.80886478
41.50761853,65.72177929,-2102.163312,79.62353355,112.9659561,138.4412755
96.16319234,245.21969,-618.9112421,66.10838316,112.0306437,75.50063279
174.6849359,111.4877198,-1413.796174,103.6418107,137.5334079,76.80332088
11.23795695,137.91773,-238.7793533,118.2528112,119.4073233,184.8762515
124.634367,56.63390297,-1606.296506,87.09394366,130.3454283,106.8839914
376.7889721,217.7136095,-955.9629372,96.13834719,103.0114925,89.94107365
15.46571166,169.2318588,589.4848284,94.33591937,137.7592325,123.6025537
69.13836604,30.00360436,1157.070832,119.9896442,117.2900069,107.1466909
133.7140016,244.938207,-1713.341527,80.6426422,110.2546219,75.68996297
129.6570345,86.32691603,2458.682245,112.5867385,128.4057079,149.6145534
41.74265645,243.3278394,-843.8238455,137.9044884,128.2392066,86.40969352
47.56632333,139.5533541,2246.176556,42.49542094,125.6014565,51.76001976
81.75970526,43.41858482,2671.419124,71.83280021,125.1508938,63.94205245
56.05334792,32.0766021,731.5509896,110.7430773,134.6476522,134.4481987
157.1944979,168.4240966,-2472.070411,164.4358577,121.4785102,58.0042242
21.86223542,97.53760844,-2185.486743,113.9540954,129.0057824,65.09368049
288.3416773,136.2472618,749.2198438,64.03331152,135.0239976,102.2729665
3.623764276,107.6347942,451.5879535,66.11573763,113.1955564,85.47480598
197.739947,28.20747262,848.3457279,89.75455164,138.1135017,63.96191352
56.2602308,125.4893918,1760.908435,129.3412512,130.0990364,110.7658864
45.1060929,35.30266948,33.8301037,122.2123727,126.0182082,142.8273182
11.83496504,84.00922228,-1051.034796,114.8805169,117.9183247,82.47697254
139.9743726,97.38386832,-94.56398988,109.3573341,119.1987037,94.22273043
25.89804922,151.8593113,-2556.384826,58.62582728,120.8753529,58.81511931
324.6650568,46.96263045,1619.157456,107.861462,120.9199911,91.05196732
18.83392742,85.55345975,-1223.53827,137.6409677,121.2096121,71.16456697
30.81067211,37.57702574,-794.2957245,102.4207025,137.4816053,105.5235428
49.90865526,83.96009861,195.9832929,102.6610071,120.7508705,101.4908913
120.2728796,147.2963685,-534.8103106,103.0006839,115.2764385,80.09011952
17.09662844,204.3238184,-328.9076217,116.24302,109.9509187,159.4727321
81.09976774,84.5131096,630.5895391,87.18422885,121.7398559,114.4979755
183.7437635,244.4011452,-892.5867946,96.20594668,113.8958588,111.6966769
100.7077272,84.19489028,-478.4605858,97.1004249,122.2694274,99.53627087
18.58581538,44.08806996,2098.958062,125.5926504,109.7248939,82.77891545
133.2311949,41.62384872,-1239.941754,105.9512515,119.4318686,162.5589237
187.1245987,44.28285526,1506.380329,75.9711168,116.1186908,107.3829271
181.8174829,66.75128864,-2247.811365,81.85577849,109.1282033,132.6821479
4.103654164,25.2448238,-457.5224219,80.17939111,98.9067088,87.30702692
208.5699962,175.6404387,2214.725834,108.8550377,119.9669443,63.72563593
31.43924369,90.49080486,902.1917493,96.32241029,116.7110575,111.97287
111.7973003,298.8530547,858.8105526,96.08572531,117.5800382,111.4079676
295.5841995,179.3474234,649.3624869,99.69251892,126.3990028,90.40863399
11.51556497,51.54660698,-2494.802017,99.56131709,132.7441075,105.3068705
15.68638214,20.06329037,-1173.074423,132.5843429,123.0308249,137.7918566
30.68786133,190.0043396,-212.5821315,144.427922,116.5403502,73.07136324
59.97423427,76.84016601,1866.461485,102.4108453,145.8363999,103.3228813
244.8305409,216.980508,-1542.730524,81.82103333,122.9346674,169.323365
39.2242915,52.37356828,-106.3970191,84.26636574,152.7864251,93.13730988
348.332329,138.7100769,-562.0404767,55.99477289,108.5215097,138.7153384
27.69652611,34.16189611,-489.3509387,80.73291818,98.64336122,160.3595366
236.4802928,53.10804603,1554.943073,157.5081705,124.63083,104.8625092
61.00825848,47.8292996,-437.3012597,89.54004791,108.5783694,90.95250641
26.06540865,36.42633088,-1499.029515,101.280756,118.7217775,142.0200997
37.47464183,259.2069079,1240.40368,69.54618545,130.2162566,89.88521384
286.2294081,39.76683681,-2114.233317,110.921829,125.5346908,96.59014353
94.22262669,57.08788532,2297.612047,111.6560081,132.1782374,129.6687482
270.1096185,88.58381604,145.6349009,96.71713204,107.3804936,149.6184746
129.2764367,165.3006879,895.1108612,114.393126,126.0879384,73.48698397
30.19479772,117.2961901,2407.737746,92.89033097,125.9246428,121.140796
204.4375748,420.776286,-296.7917257,121.1951298,122.0997739,78.54404601
43.28981689,91.77409507,2592.92222,132.9337195,123.4232246,95.06219326
20.24507118,109.6215642,-1342.678163,130.7978316,113.0330782,64.81415852
12.98624422,29.70423923,1386.720266,104.6043106,109.9108538,80.03248223
154.713412,42.97337639,-295.6057397,75.52424952,109.4545551,85.32333522
16.47683639,107.3018891,-2568.581519,66.18081749,110.5759173,96.57929201
98.62779218,73.28770398,-98.71296725,89.06681798,105.586182,159.1183883
212.6038898,89.99947009,1909.580467,94.47001218,118.6919788,94.84296357
131.1580843,179.0495456,565.2344441,92.34358153,112.0263748,81.33592706
35.93828392,46.85163564,1898.965799,73.53715205,118.1852468,94.80343837
17.89781629,68.8349822,319.7055468,63.07435525,115.0076133,97.57047529
23.9223985,11.42973239,1346.217993,101.8808072,138.2563795,80.37605238
292.1664703,7.71966378,-1319.33429,143.1818018,109.552107,80.39361355
52.45532406,104.1437414,62.44794614,101.9143272,127.2753258,79.56546927
40.90127228,7.910803046,-666.2027981,99.676205,125.7011674,93.92607134
106.2726791,79.53307093,-2197.628686,101.6714032,129.3937958,117.2535218
91.51062955,247.4994534,-255.2572536,106.2531099,127.4149853,88.2895683
172.6471126,122.8344687,822.9566619,77.98180558,111.2455207,95.4127623
24.04770883,99.27966657,-377.2952796,74.9555156,110.6698781,82.10239313
6.567010388,258.4555376,-2559.75035,136.617766,129.3655183,101.6468502
47.30196006,246.5721298,2256.588538,116.3951972,113.6852223,90.14872173
41.27379638,92.75317062,-1467.447473,111.1068847,117.7341142,85.78132431
21.78780669,184.6139714,177.3823587,117.1348287,136.5058142,130.3968755
93.55554084,36.18178915,-619.526261,98.46464984,116.8749284,87.08217139
37.23561042,52.3054954,1627.641601,90.16420252,106.9853855,101.5209706
30.17020809,39.40482271,-856.0627177,84.75971671,100.0104894,200.3165211
145.402747,53.63903008,-249.9873266,127.7790621,119.1231745,111.0254851
33.16375664,80.4669764,-962.6852448,101.9777273,114.848834,88.24811767
42.10841454,112.7742348,2339.184908,104.5439716,132.7556417,86.94520265
99.14597757,47.13198323,950.6069845,83.33443365,116.9156827,90.500089
130.1356807,246.1093122,498.2122462,55.91160352,95.57275953,119.7700317
9.833856945,32.56067632,1483.017659,126.1557961,121.485527,121.8912775
43.5909369,153.0749127,2710.924059,96.99455058,113.1800993,100.3867285
77.82902313,169.5652192,1069.243549,76.74685701,128.2407471,109.0044426
98.23833417,202.5767876,-1229.458792,116.8830438,120.7825145,111.7429164
326.7952555,30.08955401,1555.147197,134.1613162,131.0628461,164.5475216
262.9532719,51.94154591,-482.9399312,102.744303,114.4517119,59.03003314
2.460421301,70.77926571,-2251.482,118.2101782,126.0449264,49.44635907
1.999262287,30.26319956,-2529.795544,112.2585937,126.284133,108.1864851
115.0543648,64.16067543,541.8545616,90.7589051,121.5097032,91.53891412
77.21608605,55.3097848,871.7032019,76.88917043,117.526294,93.96662754
95.99117707,87.58371362,-1158.28276,71.49263305,132.9751825,123.9965785
379.9512999,22.90716999,1883.938993,111.9938099,127.0411838,97.44367257
225.7138219,43.47295622,2414.592944,84.23660792,120.1537781,83.72071086
11.30017595,152.2859751,2352.264802,127.3547259,119.2065655,73.91488542
37.85409633,132.3216302,-443.8491044,118.6914242,121.6852855,80.68222705
139.9230412,53.70222947,2184.475167,67.88245094,104.5970984,108.4131498
101.8260091,54.33152203,-1850.679746,81.65831913,132.6305884,84.22741424
1.979499374,57.25905035,-2289.223284,114.5561375,104.06502,119.7266791
11.45645156,240.2050125,-1068.356297,110.1216553,104.7171741,90.91307258
136.1638564,46.27268697,-822.2003906,98.13157842,131.3356732,112.898005
68.82023026,36.07170726,1859.850399,97.46425773,115.1411011,92.3880441
84.90259029,201.8238397,-2465.086123,69.63482199,115.4382035,76.74076062
34.03880521,117.8000274,-1645.033963,125.6509394,122.0065358,123.8955893
124.4677822,127.6377511,967.2380514,121.4134356,120.8118905,129.4384609
258.2670731,57.23715011,1147.477377,84.62411266,136.1471579,34.87690604
33.76614467,21.00819944,2600.15644,133.409314,108.0484733,138.9091965
70.91522889,26.23772804,-1411.649849,139.675652,127.8583639,60.46555081
100.3841806,149.4382913,55.47545449,153.0004307,118.8512834,66.07719007
56.29298352,17.12321303,-1179.939359,84.41279022,112.8071116,56.23014821
62.50660392,69.16748923,1460.280293,94.73091287,119.5373125,89.78642437
32.03532486,50.61739178,-2526.024175,122.9318061,99.31018477,72.08065548
14.78013785,76.73816107,-372.6226041,89.17198826,107.2007944,51.07232849
10.17300253,50.03752571,-1657.35019,105.5047954,138.7921962,139.0098568
42.43403984,205.2885846,1689.365069,115.4145275,115.4383592,63.00581254
5.947547775,352.2008963,2316.036925,83.66329838,107.1380968,52.21204325
188.5014254,48.24050092,-1755.467663,102.5646455,115.6391446,77.72442881
6.827894217,102.7084839,644.7180376,86.52399998,117.0545121,105.4263398
192.9094884,265.9564209,-1007.400028,99.96152212,116.860299,71.73811544
86.38888858,21.54239566,326.6880414,110.1017136,106.9328069,128.8392525
111.908465,224.4660584,2444.920468,108.9080431,116.0547693,87.78267724
107.4039098,40.18719958,1964.507933,66.34289507,124.4647256,109.7357954
106.1652536,19.87352059,-815.3887381,72.74767916,113.2555788,133.2050505
277.2748139,9.179027188,-556.9722693,110.3197544,122.1677081,123.9327426
137.4272062,206.3781748,-307.1387192,111.8389158,106.3063454,47.76064281
79.28549106,244.1887274,-2675.814059,130.0011979,111.3405313,77.27495802
34.47099535,244.3836153,-1726.958183,97.81744275,112.4337361,82.89480886
321.4388746,59.37994074,136.4320937,137.6296636,122.0592259,36.28448952
7.245896169,86.66007773,-23.36535849,48.33974823,132.3083485,122.4311748
60.72084115,65.50707454,-276.7320136,111.095202,145.8068462,88.87991878
113.5680991,98.29205079,-474.974458,89.74405497,126.0776624,119.1261652
78.53260516,23.46435849,-1242.147492,96.56768034,123.7366893,91.72000701
87.88155452,112.6199194,-2276.355857,78.08871985,123.8465604,75.48757361
97.37051385,31.58058803,104.144737,67.51953801,99.32612757,60.04034795
35.18413054,282.096368,-2384.804021,94.37856579,110.7471953,137.734181
65.18186514,56.21691585,530.9498765,113.2051517,117.1213431,77.46477708
401.2871462,50.11258967,-95.30561962,100.4639429,114.3287435,122.4358475
186.0390399,18.21082594,-150.4675355,92.22670662,116.1835065,81.90735326
95.3884036,34.9789673,-777.8356914,81.30073751,133.5547338,81.35045788
0.252552799,90.86063892,-270.2597005,118.5378885,118.0927094,71.86016046
358.8136913,48.5239505,-104.3082791,102.3708665,104.4810978,37.33644302
18.20950715,142.3074644,908.3986397,134.0066955,117.5021084,176.9393184
2.887294283,21.82065119,1030.644476,108.6577291,110.2233552,74.60702198
3.943117232,331.8992824,-177.9007315,101.078764,117.0464814,133.5773373
95.77834164,145.746927,-2318.154637,92.54951868,116.5990035,81.61482334
89.78983613,51.58308521,-1310.744896,92.40549904,129.1094471,122.1235465
52.75125856,82.64847263,-1761.683953,110.5662172,130.5644628,75.92424579
98.68088181,84.65510855,-335.8423904,72.76169425,128.3972406,97.47758269
51.17810598,264.9272566,-235.7971677,104.9012796,127.6240814,108.5057153
18.14523451,175.846876,1775.306249,87.1562375,126.9345162,76.2409776
33.30591571,138.8293092,-1831.208521,108.2319849,129.6057348,124.9072204
9.103372527,34.50396531,-255.6833713,69.40383459,140.2632938,117.0283671
421.7319322,132.8330254,349.3478694,75.17847946,112.3765154,136.5038944
18.00186929,44.01753117,-172.5605742,91.42197954,133.8363267,82.43488035
28.07031269,18.01577077,1875.601718,111.4165663,121.5288394,56.84663768
134.993836,65.64223316,-1557.520667,53.61546215,118.7393445,106.0882567
11.22956429,78.19935473,2541.734894,89.61436447,113.6159145,65.26630736
28.54430453,143.4765017,-1333.579622,83.51252809,142.9741173,73.40802622
10.28078416,65.51995379,1825.309116,100.8649719,126.505381,82.32101072
58.13925737,240.7970514,1346.207109,124.803055,127.4486939,119.1525567
55.16991169,116.1621217,1416.727282,80.90704849,116.3876487,130.8298825
362.0722003,207.7694168,-2382.213484,104.3924379,141.9518387,89.91190786
93.80842627,59.364119,-511.5885048,98.19211236,105.0780005,105.9249282
120.1686646,28.79296518,-892.5832986,115.9443367,123.7300026,92.18706812
32.7895899,101.1446986,-264.0165277,112.7500924,140.7071347,112.5923308
74.59048462,146.8114977,-899.5524383,98.96272944,100.1402811,59.85692215
198.4171378,134.8666387,1781.355756,48.85960256,95.54275615,100.5364384
12.32168061,64.51251355,1432.171592,90.59543056,117.394457,111.8707878
26.74613555,14.2440785,472.0096763,81.45176879,113.3670101,98.07127113
78.50286876,44.29520336,1446.716003,120.2964043,108.4323467,93.868756
12.59639253,116.2663354,2294.631276,114.2086341,118.3745355,39.70584162
28.62530542,39.81285506,791.8270952,73.22106785,115.3608346,131.1695218
31.82976369,282.5094884,977.3108402,132.5691031,158.631624,188.9604247
198.054035,197.7171906,1622.697801,134.9256575,126.6226598,49.31547647
16.0772602,84.66648384,652.0213859,100.409783,128.5471409,86.4902559
378.5894424,48.63589003,570.9585989,108.0697893,108.6709392,80.23147511
12.79498863,155.8445723,326.1517281,68.48907341,125.4730968,64.18202893
21.75359392,19.99767122,-1434.660428,110.0725485,124.7549187,85.10924463
46.41875125,203.3205729,1150.60038,55.40767628,118.4057645,100.3031838
233.9242214,46.11923978,-2068.96488,139.6770536,123.9337811,97.98869328
119.0661542,108.9045943,-450.1253754,137.4963067,106.7842344,106.1266098
41.04850528,144.8135505,-304.234204,118.6311013,112.3000263,75.34126692
124.1057526,39.84129902,-893.9410911,104.0250034,130.7395697,93.95594845
122.9089954,54.18683993,2325.423433,110.544434,120.1786414,158.4343055
472.4541403,20.9829346,-1703.762978,113.983798,104.5958567,113.0519901
117.4686184,96.86709048,992.7062801,80.41374213,124.3307297,122.9144752
16.34062163,21.22572164,-1290.043763,81.23039924,121.8587696,89.68712781
68.09091959,311.4850115,2583.142528,99.52791565,108.2224276,149.830695
5.780976279,265.4321859,-2587.363235,136.8611793,115.045351,133.8979565
12.42699044,50.90644638,54.1716083,58.54868863,119.7262623,75.43936774
94.31090569,10.20051152,-905.0874407,96.36216622,136.1222995,158.3475966
16.25107977,19.43229738,261.7707034,57.15455275,124.1670782,102.9595008
8.787559592,54.1440981,145.069345,98.70189848,126.2640006,157.8510309
303.0284423,57.34874858,963.1415382,97.06962495,116.5483043,123.5051023
95.54387329,258.6329354,-1569.853834,89.21602618,111.9854847,83.0207232
143.848228,84.41936014,283.3051378,82.59161889,109.9974651,76.68295189
103.9819022,9.659825514,1324.821061,119.5777743,122.3915511,133.6224546
37.37671862,318.6178478,-2691.97231,125.7115797,116.6515746,107.5578627
77.00474632,74.68046197,883.9668107,57.73320531,125.1513033,122.3091141
22.29626211,98.26630783,-1226.623817,124.1277747,114.71604,43.61169658
10.5539411,99.12497928,-1222.580251,125.3588478,129.1773618,133.757495
233.7729832,242.52914,-1967.604815,91.4274032,112.4845921,169.1150437
57.41110136,143.0462857,2086.33314,86.87120611,130.0560126,123.4222769
55.60447261,136.946627,1745.583402,126.8275856,134.2789869,52.4471378
8.431763596,79.17400186,1992.399798,92.80445857,105.3883196,94.28504532
57.68361511,78.72208387,2613.166289,119.7665338,118.9071945,108.3545419
115.2703202,32.81810456,-1754.613931,113.0204455,137.6277547,79.9799916
92.93409358,39.5376846,-1251.209972,118.8483175,115.8087454,102.0369321
41.72076384,28.42514742,-639.9480002,108.4356978,109.2892114,118.355658
188.6364719,112.3769365,-2436.610094,86.00515163,111.5848216,78.55981289
37.45940298,77.38360006,-1580.87552,132.9075224,105.3345674,101.9853426
16.02785429,4.085280158,1786.802015,107.5236081,119.1701921,107.4959856
76.70067302,123.6045688,-971.5010119,101.2562221,103.1887989,127.8855212
142.2820535,181.2167914,1830.287623,65.55275213,117.8441494,84.87191959
218.3825346,198.1572319,-1195.375872,109.4528338,113.4554375,102.6353634
80.09326658,71.69342974,2360.285699,114.4389184,107.2143191,79.84476793
20.15831587,55.90818165,-977.7506008,125.3351346,102.6021707,101.9646012
