Country Name,Country Code,Year,Value
Caribbean small states,CSS,2003,20.45402908
Caribbean small states,CSS,2004,17.91012001
Caribbean small states,CSS,2005,19.41867065
Caribbean small states,CSS,2007,20.42523956
Caribbean small states,CSS,2008,27.58758926
Caribbean small states,CSS,2009,23.8454895
Caribbean small states,CSS,2010,25.08848953
Caribbean small states,CSS,2011,26.98329926
Caribbean small states,CSS,2013,30.53216934
Caribbean small states,CSS,2014,23.83106995
Caribbean small states,CSS,2015,28.3431797
Caribbean small states,CSS,2016,27.15987968
Central Europe and the Baltics,CEB,1998,18.41527462
Central Europe and the Baltics,CEB,2001,19.34742928
Central Europe and the Baltics,CEB,2002,20.5249548
Central Europe and the Baltics,CEB,2003,19.68688965
Central Europe and the Baltics,CEB,2004,21.12918091
Central Europe and the Baltics,CEB,2005,21.00835514
Central Europe and the Baltics,CEB,2006,20.0387001
Central Europe and the Baltics,CEB,2007,20.19689941
Central Europe and the Baltics,CEB,2008,22.44995975
Central Europe and the Baltics,CEB,2009,23.27178955
Central Europe and the Baltics,CEB,2010,22.90859985
Central Europe and the Baltics,CEB,2011,21.88356495
Central Europe and the Baltics,CEB,2012,19.56664085
Central Europe and the Baltics,CEB,2013,21.08321571
Central Europe and the Baltics,CEB,2014,21.79804993
Euro area,EMU,1998,22.27547073
Euro area,EMU,1999,24.93597031
Euro area,EMU,2000,23.04501438
Euro area,EMU,2001,24.30857086
Euro area,EMU,2002,24.6216507
Euro area,EMU,2003,23.18285942
Euro area,EMU,2004,24.05227947
Euro area,EMU,2005,22.88599014
Euro area,EMU,2006,23.46747971
Euro area,EMU,2007,23.09652519
Euro area,EMU,2008,26.05625534
Euro area,EMU,2009,28.62992477
Euro area,EMU,2010,26.32107925
Euro area,EMU,2011,26.74185944
Euro area,EMU,2012,24.12235069
Euro area,EMU,2013,25.31510925
Euro area,EMU,2014,24.09856033
Europe & Central Asia,ECS,2003,24.37178993
Europe & Central Asia,ECS,2004,23.53734493
Europe & Central Asia,ECS,2005,22.88599014
Europe & Central Asia,ECS,2007,22.83841515
Europe & Central Asia,ECS,2008,25.31135464
Europe & Central Asia,ECS,2009,27.95850086
Europe & Central Asia,ECS,2010,26.28569984
Europe & Central Asia,ECS,2011,25.89148998
Europe & Central Asia,ECS,2013,23.26797962
Europe & Central Asia,ECS,2014,23.42830086
European Union,EUU,1998,21.24376583
European Union,EUU,1999,24.48262501
European Union,EUU,2000,22.86298943
European Union,EUU,2001,23.18318939
European Union,EUU,2002,23.91130447
European Union,EUU,2003,23.18285942
European Union,EUU,2004,23.13461494
European Union,EUU,2005,22.60560036
European Union,EUU,2006,23.17351532
European Union,EUU,2007,22.68136024
European Union,EUU,2008,25.37781906
European Union,EUU,2009,28.08991051
European Union,EUU,2010,26.23497963
European Union,EUU,2011,25.89151001
European Union,EUU,2012,23.79972553
European Union,EUU,2013,23.31637001
European Union,EUU,2014,23.35006046
Heavily indebted poor countries (HIPC),HPC,2011,20.2452755
High income,HIC,1998,20.9193306
High income,HIC,1999,22.9759903
High income,HIC,2001,23.15373039
High income,HIC,2002,23.26523495
High income,HIC,2003,22.70871544
High income,HIC,2004,22.75510979
High income,HIC,2005,22.00790024
High income,HIC,2006,22.12308025
High income,HIC,2007,22.24250984
High income,HIC,2008,24.61355019
High income,HIC,2009,26.30021572
High income,HIC,2010,26.05484962
High income,HIC,2011,24.50255013
High income,HIC,2013,22.96564007
High income,HIC,2014,22.87951565
Late-demographic dividend,LTE,2011,21.89099503
Late-demographic dividend,LTE,2013,18.92756462
Latin America & Caribbean,LCN,2000,13.14589024
Latin America & Caribbean,LCN,2002,13.7986002
Latin America & Caribbean,LCN,2004,12.41712475
Latin America & Caribbean,LCN,2005,12.60373974
Latin America & Caribbean,LCN,2006,11.00762033
Latin America & Caribbean,LCN,2007,13.33592987
Latin America & Caribbean,LCN,2008,15.06070042
Latin America & Caribbean,LCN,2009,16.51179504
Latin America & Caribbean,LCN,2010,15.17309475
Latin America & Caribbean,LCN,2011,15.44821024
Latin America & Caribbean,LCN,2012,14.96909046
Latin America & Caribbean,LCN,2013,16.60144043
Latin America & Caribbean,LCN,2014,16.78551579
Latin America & Caribbean (excluding high income),LAC,2000,13.14589024
Latin America & Caribbean (excluding high income),LAC,2002,13.7986002
Latin America & Caribbean (excluding high income),LAC,2004,12.41712475
Latin America & Caribbean (excluding high income),LAC,2005,13.06128979
Latin America & Caribbean (excluding high income),LAC,2006,12.26187038
Latin America & Caribbean (excluding high income),LAC,2007,13.52768517
Latin America & Caribbean (excluding high income),LAC,2008,15.71003532
Latin America & Caribbean (excluding high income),LAC,2009,16.60868073
Latin America & Caribbean (excluding high income),LAC,2010,15.19062996
Latin America & Caribbean (excluding high income),LAC,2011,15.80628014
Latin America & Caribbean (excluding high income),LAC,2012,13.96035004
Latin America & Caribbean (excluding high income),LAC,2013,16.60144043
Latin America & Caribbean (excluding high income),LAC,2014,16.78551579
Latin America & Caribbean (excluding high income),LAC,2015,13.93299007
Latin America & the Caribbean (IDA & IBRD countries),TLA,2000,11.84089518
Latin America & the Caribbean (IDA & IBRD countries),TLA,2002,12.63772011
Latin America & the Caribbean (IDA & IBRD countries),TLA,2004,11.95800972
Latin America & the Caribbean (IDA & IBRD countries),TLA,2005,11.28286982
Latin America & the Caribbean (IDA & IBRD countries),TLA,2006,10.36443043
Latin America & the Caribbean (IDA & IBRD countries),TLA,2007,12.97592974
Latin America & the Caribbean (IDA & IBRD countries),TLA,2008,14.92935038
Latin America & the Caribbean (IDA & IBRD countries),TLA,2009,16.41490936
Latin America & the Caribbean (IDA & IBRD countries),TLA,2010,15.15555954
Latin America & the Caribbean (IDA & IBRD countries),TLA,2011,15.44821024
Latin America & the Caribbean (IDA & IBRD countries),TLA,2012,14.96909046
Latin America & the Caribbean (IDA & IBRD countries),TLA,2013,16.42615032
Latin America & the Caribbean (IDA & IBRD countries),TLA,2014,16.25525093
Latin America & the Caribbean (IDA & IBRD countries),TLA,2015,14.34049988
Least developed countries: UN classification,LDC,2011,15.91372013
Low income,LIC,2011,19.01598072
Low income,LIC,2013,24.63633919
Middle East & North Africa (excluding high income),MNA,2002,19.78479958
Middle East & North Africa (IDA & IBRD countries),TMN,2002,19.78479958
North America,NAC,2010,24.34056091
North America,NAC,2011,21.13444996
North America,NAC,2012,22.81010056
North America,NAC,2013,22.65673065
North America,NAC,2014,22.50008011
OECD members,OED,1998,20.21206093
OECD members,OED,1999,22.9759903
OECD members,OED,2000,22.83300018
OECD members,OED,2001,23.15373039
OECD members,OED,2002,23.73532963
OECD members,OED,2003,23.18285942
OECD members,OED,2004,23.05623055
OECD members,OED,2005,22.38588524
OECD members,OED,2006,22.81502533
OECD members,OED,2007,22.49283028
OECD members,OED,2008,24.69042015
OECD members,OED,2009,27.61234093
OECD members,OED,2010,26.14491463
OECD members,OED,2011,25.29101944
OECD members,OED,2012,23.79972553
OECD members,OED,2013,23.26797962
OECD members,OED,2014,23.08758545
Other small states,OSS,2001,28.42338943
Other small states,OSS,2005,34.28779507
Other small states,OSS,2008,28.22468948
Post-demographic dividend,PST,2001,24.17359924
Post-demographic dividend,PST,2002,24.05204964
Post-demographic dividend,PST,2003,24.72418499
Post-demographic dividend,PST,2004,23.86169052
Post-demographic dividend,PST,2005,23.52279091
Post-demographic dividend,PST,2006,23.84324074
Post-demographic dividend,PST,2007,23.70022011
Post-demographic dividend,PST,2008,24.65198517
Post-demographic dividend,PST,2009,27.2685709
Post-demographic dividend,PST,2010,26.05484962
Post-demographic dividend,PST,2011,25.75066948
Post-demographic dividend,PST,2012,24.70335007
Post-demographic dividend,PST,2013,24.01935959
Post-demographic dividend,PST,2014,24.0837307
Small states,SST,2005,31.94663048
Small states,SST,2008,27.90613937
South Asia,SAS,1999,12.87722015
South Asia,SAS,2000,11.29283047
South Asia,SAS,2003,11.62872028
South Asia,SAS,2009,12.1906004
South Asia,SAS,2010,10.9952898
South Asia,SAS,2011,11.56639957
South Asia,SAS,2012,10.74228001
South Asia,SAS,2013,9.919839859
South Asia,SAS,2014,11.67385006
South Asia,SAS,2015,11.00347996
South Asia,SAS,2016,10.85455036
South Asia (IDA & IBRD),TSA,1999,12.87722015
South Asia (IDA & IBRD),TSA,2000,11.29283047
South Asia (IDA & IBRD),TSA,2003,11.62872028
South Asia (IDA & IBRD),TSA,2009,12.1906004
South Asia (IDA & IBRD),TSA,2010,10.9952898
South Asia (IDA & IBRD),TSA,2011,11.56639957
South Asia (IDA & IBRD),TSA,2012,10.74228001
South Asia (IDA & IBRD),TSA,2013,9.919839859
South Asia (IDA & IBRD),TSA,2014,11.67385006
South Asia (IDA & IBRD),TSA,2015,11.00347996
South Asia (IDA & IBRD),TSA,2016,10.85455036
World,WLD,2011,20.68115997
Afghanistan,AFG,2010,10.79491997
Afghanistan,AFG,2011,10.38199997
Afghanistan,AFG,2012,7.301939964
Afghanistan,AFG,2013,9.42702961
Afghanistan,AFG,2014,10.13187981
Afghanistan,AFG,2015,8.362250328
Albania,ALB,2013,5.866819859
Albania,ALB,2015,6.814599991
Algeria,DZA,1999,21.16000938
Algeria,DZA,2000,17.44375992
Algeria,DZA,2002,17.90460968
Algeria,DZA,2003,17.93265915
Andorra,AND,2002,6.077010155
Andorra,AND,2004,6.702109814
Andorra,AND,2005,6.947159767
Andorra,AND,2006,9.919440269
Andorra,AND,2007,11.05091953
Andorra,AND,2009,17.78778076
Andorra,AND,2010,13.31665039
Andorra,AND,2011,13.52793026
Andorra,AND,2013,16.37783051
Andorra,AND,2014,11.27614021
Andorra,AND,2015,14.38871956
Andorra,AND,2016,13.72319984
Antigua and Barbuda,ATG,2009,13.32198048
Antigua and Barbuda,ATG,2011,10.51972008
Argentina,ARG,1998,15.18887043
Argentina,ARG,1999,16.68324089
Argentina,ARG,2000,15.82505989
Argentina,ARG,2001,16.79923058
Argentina,ARG,2002,15.24695015
Argentina,ARG,2003,12.59360027
Argentina,ARG,2004,12.87623978
Argentina,ARG,2005,16.08884048
Argentina,ARG,2006,16.50662994
Argentina,ARG,2007,17.66605949
Argentina,ARG,2008,19.01032066
Argentina,ARG,2009,21.96606064
Argentina,ARG,2010,19.26102066
Argentina,ARG,2011,20.68115997
Argentina,ARG,2012,20.86026001
Argentina,ARG,2013,21.76004982
Argentina,ARG,2014,21.44580078
Argentina,ARG,2015,23.40788078
Armenia,ARM,2013,14.84918976
Armenia,ARM,2014,14.54508972
Aruba,ABW,1999,18.56214905
Aruba,ABW,2000,19.2041893
Aruba,ABW,2001,20.24098969
Aruba,ABW,2002,19.39171028
Aruba,ABW,2004,17.74279022
Aruba,ABW,2005,17.61315918
Aruba,ABW,2012,25.09742928
Australia,AUS,1995,15.98056984
Austria,AUT,1998,28.92871094
Austria,AUT,1999,29.29272079
Austria,AUT,2000,27.16045952
Austria,AUT,2001,27.05850983
Austria,AUT,2002,27.00312996
Austria,AUT,2003,27.87828064
Austria,AUT,2004,26.59277916
Austria,AUT,2005,25.39476013
Austria,AUT,2006,25.70922089
Austria,AUT,2007,25.40732956
Austria,AUT,2008,26.29943085
Austria,AUT,2009,29.28391075
Austria,AUT,2010,28.43685913
Austria,AUT,2011,29.42218018
Austria,AUT,2012,26.8232708
Austria,AUT,2013,27.43328094
Austria,AUT,2014,26.93832016
Bahrain,BHR,2013,15.91296005
Bahrain,BHR,2014,15.76307011
Bahrain,BHR,2015,17.50836945
Bangladesh,BGD,1999,10.29866982
Bangladesh,BGD,2000,9.584719658
Bangladesh,BGD,2002,10.73678017
Bangladesh,BGD,2003,11.62872028
Bangladesh,BGD,2004,12.62543011
Bangladesh,BGD,2006,12.94913006
Bangladesh,BGD,2007,12.46018028
Bangladesh,BGD,2008,11.89505959
Bangladesh,BGD,2009,10.61701965
Bangladesh,BGD,2010,12.92961979
Bangladesh,BGD,2011,11.56639957
Bangladesh,BGD,2012,10.74228001
Bangladesh,BGD,2016,9.741020203
Barbados,BRB,1999,17.33939934
Barbados,BRB,2000,21.0200901
Barbados,BRB,2001,25.18568039
Barbados,BRB,2002,25.31278038
Barbados,BRB,2003,27.77280998
Barbados,BRB,2004,24.5109005
Barbados,BRB,2005,22.45786095
Barbados,BRB,2007,22.42971992
Barbados,BRB,2008,20.2833004
Barbados,BRB,2009,21.39928055
Barbados,BRB,2010,25.81019974
Barbados,BRB,2014,19.19866943
Barbados,BRB,2016,27.93029022
Belgium,BEL,2001,23.15373039
Belgium,BEL,2002,23.77055931
Belgium,BEL,2003,22.09173012
Belgium,BEL,2004,22.75510979
Belgium,BEL,2005,21.7050209
Belgium,BEL,2006,21.49566078
Belgium,BEL,2007,21.83583069
Belgium,BEL,2008,23.83646965
Belgium,BEL,2009,24.84461021
Belgium,BEL,2010,24.60522079
Belgium,BEL,2011,25.29101944
Belgium,BEL,2013,25.88022041
Belgium,BEL,2014,25.65822983
Belize,BLZ,1999,17.98051071
Belize,BLZ,2000,15.78742981
Belize,BLZ,2004,19.20321083
Belize,BLZ,2005,20.4760704
Belize,BLZ,2006,20.64517021
Belize,BLZ,2008,22.00287056
Belize,BLZ,2009,23.49592972
Belize,BLZ,2010,26.07925987
Belize,BLZ,2012,23.0468998
Belize,BLZ,2013,21.71157074
Belize,BLZ,2014,23.62064934
Belize,BLZ,2015,25.67661095
Benin,BEN,2000,22.23022079
Benin,BEN,2001,22.36552048
Benin,BEN,2002,18.23596001
Benin,BEN,2003,20.13692093
Benin,BEN,2004,22.61676025
Benin,BEN,2013,13.80284977
Benin,BEN,2014,12.29557991
Benin,BEN,2015,10.83784008
Bermuda,BMU,2004,12.34193039
Bermuda,BMU,2005,14.02632046
Bermuda,BMU,2010,17.84160042
Bermuda,BMU,2014,12.55218029
Bermuda,BMU,2015,12.13171959
Bhutan,BTN,2008,37.47789001
Bhutan,BTN,2009,34.87234879
Bhutan,BTN,2010,27.39718056
Bhutan,BTN,2011,31.9949894
Bhutan,BTN,2013,34.75400162
Bhutan,BTN,2014,36.55831146
Bhutan,BTN,2015,32.07229996
Bolivia,BOL,1998,12.03769016
Bolivia,BOL,1999,11.77651024
Bolivia,BOL,2000,10.53590012
Bolivia,BOL,2002,13.7986002
Bolivia,BOL,2003,14.20995045
Bolivia,BOL,2006,14.3763504
Bolivia,BOL,2008,16.62207031
Bolivia,BOL,2009,19.43481064
Bolivia,BOL,2010,18.72635078
Bolivia,BOL,2011,17.87643051
Bolivia,BOL,2012,12.95160961
Bolivia,BOL,2013,18.94471931
Bolivia,BOL,2014,18.10119057
Botswana,BWA,2005,45.12752914
Botswana,BWA,2007,41.69765854
Botswana,BWA,2009,36.44089127
Brazil,BRA,2002,10.17978001
Brazil,BRA,2004,11.48962021
Brazil,BRA,2005,13.06128979
Brazil,BRA,2007,17.70936966
Brazil,BRA,2008,19.16278076
Brazil,BRA,2009,20.1127491
Brazil,BRA,2010,21.09390068
Brazil,BRA,2011,21.98007011
Brazil,BRA,2012,22.39472961
Brazil,BRA,2013,21.3735199
Brazil,BRA,2014,21.60977936
British Virgin Islands,VGB,2007,19.48817062
British Virgin Islands,VGB,2009,21.69878006
British Virgin Islands,VGB,2010,20.88847923
British Virgin Islands,VGB,2015,17.29899025
Brunei Darussalam,BRN,2010,7.636040211
Brunei Darussalam,BRN,2014,10.17226028
Brunei Darussalam,BRN,2016,23.79472923
Bulgaria,BGR,1998,14.33341026
Bulgaria,BGR,2001,18.27902031
Bulgaria,BGR,2002,17.97583008
Bulgaria,BGR,2003,19.52469063
Bulgaria,BGR,2004,10.14811993
Bulgaria,BGR,2005,21.11610985
Bulgaria,BGR,2006,20.0387001
Bulgaria,BGR,2007,19.30462074
Bulgaria,BGR,2008,22.48999977
Bulgaria,BGR,2009,23.16313934
Bulgaria,BGR,2010,22.55142975
Bulgaria,BGR,2011,20.11754036
Bulgaria,BGR,2012,19.45532036
Bulgaria,BGR,2013,21.73634911
Burkina Faso,BFA,1996,0
Burkina Faso,BFA,2005,20.79332924
Burkina Faso,BFA,2006,22.18176079
Burkina Faso,BFA,2007,29.17324066
Burkina Faso,BFA,2010,20.56826973
Burkina Faso,BFA,2011,16.79190063
Burkina Faso,BFA,2012,15.75086021
Burkina Faso,BFA,2013,14.37685013
Burkina Faso,BFA,2014,16.09683037
Burkina Faso,BFA,2015,17.26222992
Burundi,BDI,2001,53.55430984
Burundi,BDI,2002,52.89855957
Burundi,BDI,2004,52.03416061
Burundi,BDI,2005,52.16567993
Burundi,BDI,2009,46.21701813
Burundi,BDI,2011,37.21305084
Burundi,BDI,2012,31.26973915
Burundi,BDI,2013,28.03408051
Cabo Verde,CPV,2002,22.11680984
Cabo Verde,CPV,2006,19.72899055
Cabo Verde,CPV,2007,16.87490082
Cabo Verde,CPV,2008,13.95985031
Cabo Verde,CPV,2009,14.30900002
Cabo Verde,CPV,2011,15.30969048
Cabo Verde,CPV,2013,16.81962967
Cabo Verde,CPV,2014,16.60136032
Cabo Verde,CPV,2015,19.20759964
Cabo Verde,CPV,2016,20.75914955
Cambodia,KHM,1998,10.83213997
Cambodia,KHM,2001,6.050829887
Cameroon,CMR,2005,33.34648132
Cameroon,CMR,2006,35.72988892
Cameroon,CMR,2007,30.3408699
Cameroon,CMR,2008,23.67873955
Cameroon,CMR,2009,25.66798019
Cameroon,CMR,2011,17.62264061
Cameroon,CMR,2012,17.44042015
Canada,CAN,2011,18.32904053
Central African Republic,CAF,2009,16.27010918
Chad,TCD,1997,26.71125031
Chad,TCD,1998,29.35707092
Chad,TCD,2004,25.01885986
Chad,TCD,2005,24.68202972
Chad,TCD,2009,17.86742973
Chad,TCD,2010,15.00228024
Chad,TCD,2011,21.24006081
Chad,TCD,2012,12.68430996
Chad,TCD,2013,17.61618042
Chile,CHL,1998,13.28862
Chile,CHL,2000,14.19524002
Chile,CHL,2002,15.03715038
Chile,CHL,2003,15.43612003
Chile,CHL,2004,13.46928978
Chile,CHL,2005,12.60373974
Chile,CHL,2006,11.65081024
Chile,CHL,2007,12.6159296
Chile,CHL,2008,15.06070042
Chile,CHL,2009,16.41490936
Chile,CHL,2010,15.15555954
Chile,CHL,2011,15.09014034
Chile,CHL,2012,17.8565197
Chile,CHL,2013,14.92560959
Chile,CHL,2014,14.95263004
Chile,CHL,2015,16.54050064
China,CHN,1999,11.4272604
Colombia,COL,1998,14.31809044
Colombia,COL,1999,16.38530922
Colombia,COL,2000,13.14589024
Colombia,COL,2004,15.35972023
Colombia,COL,2005,14.53827953
Colombia,COL,2007,9.978830338
Colombia,COL,2008,14.79800034
Colombia,COL,2009,15.12289047
Colombia,COL,2010,15.19062996
Colombia,COL,2011,14.62586021
Colombia,COL,2012,14.96909046
Colombia,COL,2013,16.60144043
Colombia,COL,2014,17.31578064
Colombia,COL,2015,16.03050995
Colombia,COL,2016,15.81260967
Comoros,COM,2002,26.17423058
Comoros,COM,2013,13.14780045
Comoros,COM,2014,15.03326988
"Congo, Dem. Rep.",COD,2010,10.01002979
"Congo, Dem. Rep.",COD,2013,5.753409863
"Congo, Rep.",COG,2002,16.99041939
Costa Rica,CRI,1999,23.89233971
Costa Rica,CRI,2000,20.15527916
Costa Rica,CRI,2001,21.22534943
Costa Rica,CRI,2002,23.1971302
Costa Rica,CRI,2004,16.84509087
Costa Rica,CRI,2006,16.06278038
Costa Rica,CRI,2007,16.9033699
Costa Rica,CRI,2008,17.72471046
Costa Rica,CRI,2009,20.93383026
Costa Rica,CRI,2010,22.96995926
Costa Rica,CRI,2011,23.05647087
Costa Rica,CRI,2012,24.10923958
Costa Rica,CRI,2013,24.28808022
Costa Rica,CRI,2014,23.71264076
Costa Rica,CRI,2015,24.88973045
Costa Rica,CRI,2016,23.71722031
Cote d'Ivoire,CIV,1999,42.04161835
Cote d'Ivoire,CIV,2014,26.74226952
Cote d'Ivoire,CIV,2015,23.49484062
Cuba,CUB,1999,37.21783829
Cuba,CUB,2000,41.28862
Cuba,CUB,2001,40.66804886
Cuba,CUB,2002,44.13755035
Cuba,CUB,2004,44.30049896
Cuba,CUB,2005,47.86917114
Cuba,CUB,2006,42.83673096
Cuba,CUB,2007,53.75965881
Cuba,CUB,2008,53.9754715
Cuba,CUB,2009,51.15134048
Cuba,CUB,2010,52.35203171
Curacao,CUW,2013,23.09856987
Cyprus,CYP,1999,25.98477936
Cyprus,CYP,2000,26.81863022
Cyprus,CYP,2001,27.70005035
Cyprus,CYP,2002,30.4786396
Cyprus,CYP,2003,33.89036942
Cyprus,CYP,2004,31.21651077
Cyprus,CYP,2005,31.94663048
Cyprus,CYP,2006,31.68213081
Cyprus,CYP,2007,32.38639832
Cyprus,CYP,2008,34.5850296
Cyprus,CYP,2009,37.33226013
Cyprus,CYP,2010,36.87532043
Cyprus,CYP,2011,37.82273865
Cyprus,CYP,2013,37.92279053
Cyprus,CYP,2014,39.11930084
Czech Republic,CZE,1998,18.86688995
Czech Republic,CZE,1999,20.09985924
Czech Republic,CZE,2000,19.44741058
Czech Republic,CZE,2001,19.16584969
Czech Republic,CZE,2002,20.59708023
Czech Republic,CZE,2003,21.30213928
Czech Republic,CZE,2004,21.12918091
Czech Republic,CZE,2005,20.90060043
Czech Republic,CZE,2006,21.09547997
Czech Republic,CZE,2007,20.19689941
Czech Republic,CZE,2008,20.79512024
Czech Republic,CZE,2009,23.27178955
Czech Republic,CZE,2010,23.26576996
Czech Republic,CZE,2011,23.84082031
Czech Republic,CZE,2012,25.27841949
Czech Republic,CZE,2013,23.54771996
Czech Republic,CZE,2014,23.42830086
Denmark,DNK,1998,37.16648865
Denmark,DNK,1999,37.2645607
Denmark,DNK,2000,37.21644974
Denmark,DNK,2001,33.88396072
Denmark,DNK,2002,34.84693146
Denmark,DNK,2003,33.90776825
Denmark,DNK,2004,34.44313812
Denmark,DNK,2005,34.25592041
Denmark,DNK,2006,33.52993011
Denmark,DNK,2007,31.34546089
Denmark,DNK,2008,30.44642067
Denmark,DNK,2009,31.87937927
Denmark,DNK,2010,32.50973129
Denmark,DNK,2011,29.22916985
Denmark,DNK,2012,29.11227989
Denmark,DNK,2013,27.84494972
Denmark,DNK,2014,31.12335014
Djibouti,DJI,2008,31.31599045
Djibouti,DJI,2015,0.997189999
Dominica,DMA,2007,12.51957035
Dominica,DMA,2008,14.95845985
Dominica,DMA,2009,13.87026978
Dominica,DMA,2010,15.29668999
Dominica,DMA,2015,19.21936035
Dominican Republic,DOM,2004,3.27083993
Dominican Republic,DOM,2005,4.960380077
Dominican Republic,DOM,2007,3.794270039
Dominican Republic,DOM,2008,5.99421978
Dominican Republic,DOM,2009,6.903830051
Dominican Republic,DOM,2010,6.447400093
Dominican Republic,DOM,2011,6.669169903
Dominican Republic,DOM,2012,8.120229721
Dominican Republic,DOM,2013,12.9862299
Dominican Republic,DOM,2014,13.1718998
Dominican Republic,DOM,2015,13.52548027
Dominican Republic,DOM,2016,15.26229954
Ecuador,ECU,1999,8.29117012
Ecuador,ECU,2000,5.363669872
Ecuador,ECU,2009,4.359200001
Ecuador,ECU,2010,4.471610069
Ecuador,ECU,2011,4.827129841
Ecuador,ECU,2012,4.628540039
Ecuador,ECU,2013,5.235879898
Ecuador,ECU,2014,5.084290028
Ecuador,ECU,2015,5.032360077
Ecuador,ECU,2016,5.31400013
El Salvador,SLV,1998,7.843470097
El Salvador,SLV,2000,7.371819973
El Salvador,SLV,2002,9.536600113
El Salvador,SLV,2003,8.862959862
El Salvador,SLV,2005,9.141409874
El Salvador,SLV,2006,7.657120228
El Salvador,SLV,2007,9.349280357
El Salvador,SLV,2008,9.346529961
El Salvador,SLV,2009,12.60426998
El Salvador,SLV,2010,11.2085104
El Salvador,SLV,2012,10.01239014
El Salvador,SLV,2013,10.17558002
El Salvador,SLV,2014,10.60990047
El Salvador,SLV,2015,11.6214304
El Salvador,SLV,2016,13.21387005
Eritrea,ERI,2001,31.34160995
Eritrea,ERI,2002,29.53499031
Eritrea,ERI,2004,13.20337963
Estonia,EST,1998,22.27547073
Estonia,EST,1999,27.35029984
Estonia,EST,2001,25.15530014
Estonia,EST,2002,25.05491066
Estonia,EST,2003,26.16630936
Estonia,EST,2004,24.8915596
Estonia,EST,2005,22.16617012
Estonia,EST,2007,21.99218941
Estonia,EST,2008,28.22468948
Estonia,EST,2009,29.01469994
Estonia,EST,2010,26.23497963
Estonia,EST,2011,26.74185944
Estonia,EST,2012,24.12235069
Estonia,EST,2013,20.45976067
Estonia,EST,2014,19.87154007
Ethiopia,ETH,2009,22.36488914
Ethiopia,ETH,2010,21.93799973
Ethiopia,ETH,2011,25.29804993
Ethiopia,ETH,2012,18.09333992
Fiji,FJI,2004,16.12018013
Fiji,FJI,2011,5.717259884
Finland,FIN,1999,24.93597031
Finland,FIN,2000,23.22703934
Finland,FIN,2001,24.30857086
Finland,FIN,2002,25.32815933
Finland,FIN,2003,25.99888039
Finland,FIN,2004,31.06665993
Finland,FIN,2005,30.83827019
Finland,FIN,2006,30.50341034
Finland,FIN,2007,29.59148026
Finland,FIN,2008,30.83061981
Finland,FIN,2009,34.36907959
Finland,FIN,2010,34.89649963
Finland,FIN,2011,34.70222855
Finland,FIN,2014,27.24910927
France,FRA,1999,28.68251991
France,FRA,2000,28.28092957
France,FRA,2001,28.19174004
France,FRA,2002,28.39384079
France,FRA,2003,29.74700928
France,FRA,2004,29.1708107
France,FRA,2005,27.11621094
France,FRA,2006,27.11214066
France,FRA,2007,26.55656052
France,FRA,2008,26.92613029
France,FRA,2009,28.58828926
France,FRA,2010,28.23921967
France,FRA,2011,27.06905937
France,FRA,2012,26.88816071
France,FRA,2013,26.81669044
France,FRA,2014,26.85506058
"Gambia, The",GMB,2008,13.91289997
"Gambia, The",GMB,2009,12.30694008
"Gambia, The",GMB,2010,13.22972965
Georgia,GEO,2008,14.24339008
Germany,DEU,1998,20.1030407
Germany,DEU,2006,20.20886993
Germany,DEU,2007,21.09132004
Germany,DEU,2008,21.07790947
Germany,DEU,2009,23.8578701
Germany,DEU,2010,23.88146019
Germany,DEU,2011,22.8411808
Germany,DEU,2012,23.16245079
Germany,DEU,2013,23.21958923
Germany,DEU,2014,23.27182007
Ghana,GHA,2001,39.90213013
Ghana,GHA,2004,38.16627884
Ghana,GHA,2005,34.95452118
Ghana,GHA,2006,26.08011055
Ghana,GHA,2007,22.95523071
Ghana,GHA,2008,23.23184013
Ghana,GHA,2009,24.47633934
Ghana,GHA,2011,25.09025002
Ghana,GHA,2012,37.61104965
Ghana,GHA,2013,24.26160049
Ghana,GHA,2014,26.16580009
Greece,GRC,1998,12.9535799
Greece,GRC,1999,14.43964005
Greece,GRC,2000,19.21619987
Greece,GRC,2001,16.73023987
Greece,GRC,2002,16.83905983
Greece,GRC,2003,19.13739014
Greece,GRC,2004,19.42417908
Greece,GRC,2005,19.65073967
Grenada,GRD,2003,9.652230263
Grenada,GRD,2016,28.10659981
Guatemala,GTM,2000,4.433119774
Guatemala,GTM,2001,5.434490204
Guatemala,GTM,2002,4.131669998
Guatemala,GTM,2004,4.387360096
Guatemala,GTM,2005,4.471580029
Guatemala,GTM,2006,4.992630005
Guatemala,GTM,2007,6.072430134
Guatemala,GTM,2008,6.333429813
Guatemala,GTM,2010,5.222229958
Guatemala,GTM,2011,4.566160202
Guatemala,GTM,2012,4.851560116
Guatemala,GTM,2013,5.468840122
Guatemala,GTM,2014,5.557630062
Guatemala,GTM,2015,5.069960117
Guatemala,GTM,2016,5.117139816
Guinea,GIN,2008,4.001490116
Guinea,GIN,2011,8.485790253
Guinea,GIN,2012,7.476309776
Guinea,GIN,2014,8.720219612
Guyana,GUY,2007,10.31812
Guyana,GUY,2009,9.615189552
Guyana,GUY,2010,11.25889969
Guyana,GUY,2011,10.37798023
Guyana,GUY,2012,9.273429871
Honduras,HND,2013,20.01650047
"Hong Kong SAR, China",HKG,2002,17.57670975
"Hong Kong SAR, China",HKG,2003,19.06970978
"Hong Kong SAR, China",HKG,2004,20.23283005
"Hong Kong SAR, China",HKG,2005,19.03142929
"Hong Kong SAR, China",HKG,2006,17.33309937
"Hong Kong SAR, China",HKG,2007,15.79267025
"Hong Kong SAR, China",HKG,2008,14.94756031
"Hong Kong SAR, China",HKG,2009,16.04725075
"Hong Kong SAR, China",HKG,2010,17.11237907
"Hong Kong SAR, China",HKG,2011,17.33410072
"Hong Kong SAR, China",HKG,2012,17.1145401
"Hong Kong SAR, China",HKG,2013,18.68041039
"Hong Kong SAR, China",HKG,2014,19.32966995
"Hong Kong SAR, China",HKG,2015,20.3358593
"Hong Kong SAR, China",HKG,2016,21.37295914
Hungary,HUN,1998,17.96365929
Hungary,HUN,1999,18.61813927
Hungary,HUN,2000,20.04443932
Hungary,HUN,2001,19.34742928
Hungary,HUN,2002,20.45282936
Hungary,HUN,2003,26.08295059
Hungary,HUN,2004,23.05623055
Hungary,HUN,2005,22.60560036
Hungary,HUN,2006,22.75049973
Hungary,HUN,2007,22.86989021
Hungary,HUN,2008,22.40991974
Hungary,HUN,2009,22.13809967
Hungary,HUN,2010,21.24010086
Hungary,HUN,2011,20.45277977
Hungary,HUN,2012,19.56664085
Hungary,HUN,2013,16.10993004
Hungary,HUN,2014,22.78511047
Iceland,ISL,1999,18.70858955
Iceland,ISL,2000,18.43567085
Iceland,ISL,2001,20.87192917
Iceland,ISL,2002,21.71907043
Iceland,ISL,2003,21.18367004
Iceland,ISL,2004,22.31675911
Iceland,ISL,2005,22.20192909
Iceland,ISL,2006,22.21063042
Iceland,ISL,2007,20.81226921
Iceland,ISL,2008,20.82703972
Iceland,ISL,2009,21.30180931
Iceland,ISL,2010,20.03577995
Iceland,ISL,2011,20.25515938
Iceland,ISL,2012,19.55422974
Iceland,ISL,2013,18.35790062
India,IND,1999,25.6179409
India,IND,2000,25.59424019
India,IND,2001,24.19166946
India,IND,2003,20.51761055
India,IND,2004,18.52856064
India,IND,2005,17.44800949
India,IND,2006,16.93338966
India,IND,2009,13.68972015
India,IND,2010,14.27735043
India,IND,2011,15.36192036
India,IND,2012,15.68076992
India,IND,2013,16.81842041
Indonesia,IDN,2007,8.935930252
Indonesia,IDN,2008,8.877079964
Indonesia,IDN,2009,10.34984016
Indonesia,IDN,2010,8.303839684
Indonesia,IDN,2012,10.29652023
Indonesia,IDN,2013,9.873990059
Indonesia,IDN,2014,9.95318985
Indonesia,IDN,2015,10.50825024
"Iran, Islamic Rep.",IRN,2001,9.438890457
"Iran, Islamic Rep.",IRN,2002,11.02437973
"Iran, Islamic Rep.",IRN,2003,11.00609016
"Iran, Islamic Rep.",IRN,2004,11.23721981
"Iran, Islamic Rep.",IRN,2005,10.7848196
"Iran, Islamic Rep.",IRN,2006,16.07419968
"Iran, Islamic Rep.",IRN,2007,18.94573021
"Iran, Islamic Rep.",IRN,2008,16.83341026
"Iran, Islamic Rep.",IRN,2009,17.55541039
"Iran, Islamic Rep.",IRN,2010,18.29641914
"Iran, Islamic Rep.",IRN,2011,14.1043396
"Iran, Islamic Rep.",IRN,2012,13.92142963
"Iran, Islamic Rep.",IRN,2013,18.10744095
"Iran, Islamic Rep.",IRN,2014,14.84992027
"Iran, Islamic Rep.",IRN,2015,14.54782963
Ireland,IRL,1998,16.89746094
Ireland,IRL,1999,16.40667915
Ireland,IRL,2000,15.88090992
Ireland,IRL,2001,16.57671928
Ireland,IRL,2002,16.98496056
Ireland,IRL,2003,18.45842934
Ireland,IRL,2004,19.65691948
Ireland,IRL,2005,20.01627922
Ireland,IRL,2006,21.10968971
Ireland,IRL,2007,22.49283028
Ireland,IRL,2008,26.63315964
Ireland,IRL,2009,28.67156029
Ireland,IRL,2010,27.46586037
Ireland,IRL,2011,27.23838043
Ireland,IRL,2012,25.8626709
Ireland,IRL,2014,21.61408997
Israel,ISR,1999,18.71635056
Israel,ISR,2000,17.78970909
Israel,ISR,2001,18.56900024
Israel,ISR,2002,18.8339901
Israel,ISR,2003,18.31588936
Israel,ISR,2004,17.83457947
Israel,ISR,2005,17.13225937
Israel,ISR,2006,17.25447083
Israel,ISR,2007,15.94890976
Israel,ISR,2008,17.08250046
Israel,ISR,2009,15.91160011
Israel,ISR,2010,15.30360985
Israel,ISR,2011,15.27262974
Israel,ISR,2012,18.69304085
Israel,ISR,2013,18.29840088
Israel,ISR,2014,17.87097931
Italy,ITA,1998,26.45973015
Italy,ITA,1999,26.66567039
Italy,ITA,2000,25.61668968
Italy,ITA,2001,28.96487045
Italy,ITA,2002,25.89904022
Italy,ITA,2003,27.12478065
Italy,ITA,2004,25.90225983
Italy,ITA,2005,25.41325951
Italy,ITA,2006,26.91962051
Italy,ITA,2007,23.82646942
Italy,ITA,2008,25.24489021
Italy,ITA,2009,25.25675964
Italy,ITA,2010,23.94346046
Italy,ITA,2011,22.57048035
Italy,ITA,2012,22.85103035
Italy,ITA,2013,23.31637001
Italy,ITA,2014,22.85568047
Jamaica,JAM,2003,20.45402908
Jamaica,JAM,2004,17.91012001
Jamaica,JAM,2005,19.41867065
Jamaica,JAM,2007,20.42523956
Jamaica,JAM,2008,27.58758926
Jamaica,JAM,2009,23.8454895
Jamaica,JAM,2010,25.08848953
Jamaica,JAM,2011,26.98329926
Jamaica,JAM,2013,30.53216934
Jamaica,JAM,2014,23.83106995
Jamaica,JAM,2015,28.3431797
Jamaica,JAM,2016,27.15987968
Japan,JPN,1998,19.43450928
Japan,JPN,1999,19.97060966
Japan,JPN,2000,20.25922012
Japan,JPN,2001,20.27157974
Japan,JPN,2002,20.90225983
Japan,JPN,2003,21.51256943
Japan,JPN,2004,21.56065941
Japan,JPN,2005,21.4185009
Japan,JPN,2006,21.41677094
Japan,JPN,2007,21.5714798
Japan,JPN,2008,21.64048004
Japan,JPN,2010,23.49790955
Japan,JPN,2011,24.49010086
Japan,JPN,2012,24.70335007
Japan,JPN,2013,24.65210915
Japan,JPN,2014,23.93584061
Jordan,JOR,1999,16.94223976
Jordan,JOR,2002,17.08185959
Jordan,JOR,2003,19.59600067
Jordan,JOR,2004,18.40003967
Jordan,JOR,2005,20.12075996
Jordan,JOR,2006,17.44856071
Jordan,JOR,2007,17.66083908
Jordan,JOR,2008,16.58824921
Jordan,JOR,2011,18.45936966
Kazakhstan,KAZ,1997,21.99139977
Kazakhstan,KAZ,2013,18.66209984
Kazakhstan,KAZ,2014,19.54405022
Kazakhstan,KAZ,2015,19.15826035
Kazakhstan,KAZ,2016,21.21232033
Kenya,KEN,2000,14.43690014
Kenya,KEN,2001,15.88869953
Kenya,KEN,2003,20.46805
Kenya,KEN,2004,22.41834068
Kenya,KEN,2006,21.32196999
"Korea, Rep.",KOR,1998,13.79660034
"Korea, Rep.",KOR,1999,14.37283993
"Korea, Rep.",KOR,2001,19.19791031
"Korea, Rep.",KOR,2002,21.41938972
"Korea, Rep.",KOR,2003,22.48171997
"Korea, Rep.",KOR,2004,22.17345047
"Korea, Rep.",KOR,2005,20.55639076
"Korea, Rep.",KOR,2006,20.90810966
"Korea, Rep.",KOR,2007,20.74905968
"Korea, Rep.",KOR,2008,21.77699089
"Korea, Rep.",KOR,2015,28.2630291
Kuwait,KWT,1997,0
Kuwait,KWT,2003,19.07234001
Kuwait,KWT,2004,16.10795021
Kuwait,KWT,2005,15.5060997
Kuwait,KWT,2006,13.11172009
Kuwait,KWT,2008,13.96665955
Kuwait,KWT,2011,21.80191994
Kuwait,KWT,2014,17.64748955
Lao PDR,LAO,1997,18.24360085
Lao PDR,LAO,2002,9.211999893
Lao PDR,LAO,2009,7.566669941
Lao PDR,LAO,2010,7.344120026
Lao PDR,LAO,2011,8.435079575
Lao PDR,LAO,2012,7.756569862
Lao PDR,LAO,2013,14.41032028
Lao PDR,LAO,2014,12.41285038
Latvia,LVA,1997,35.13864899
Latvia,LVA,1998,23.03833961
Latvia,LVA,1999,22.9759903
Latvia,LVA,2000,22.86298943
Latvia,LVA,2001,23.18318939
Latvia,LVA,2002,24.6216507
Latvia,LVA,2003,22.93571091
Latvia,LVA,2004,22.5048008
Latvia,LVA,2006,17.39949989
Latvia,LVA,2007,21.72997093
Latvia,LVA,2008,25.81307983
Latvia,LVA,2009,29.99798965
Latvia,LVA,2010,26.32107925
Latvia,LVA,2011,24.50255013
Latvia,LVA,2012,34.84589005
Latvia,LVA,2013,35.07830811
Latvia,LVA,2014,24.09856033
Lebanon,LBN,1995,0
Lebanon,LBN,1996,0
Lebanon,LBN,2012,4.057169914
Lebanon,LBN,2013,5.810569763
Lesotho,LSO,1997,115.5297623
Lesotho,LSO,1999,68.42285919
Lesotho,LSO,2000,70.19875336
Lesotho,LSO,2001,56.02867889
Lesotho,LSO,2005,47.49525833
Lesotho,LSO,2006,41.52325821
Lesotho,LSO,2008,45.53789139
Liechtenstein,LIE,2003,11.04537964
Liechtenstein,LIE,2004,10.94513988
Liechtenstein,LIE,2006,10.67805958
Liechtenstein,LIE,2007,10.11771011
Liechtenstein,LIE,2008,11.86981964
Liechtenstein,LIE,2010,12.40404987
Liechtenstein,LIE,2011,13.33001995
Lithuania,LTU,2003,19.62693977
Lithuania,LTU,2004,20.65958977
Lithuania,LTU,2005,19.06311989
Lithuania,LTU,2006,19.1476593
Lithuania,LTU,2007,18.23538971
Lithuania,LTU,2008,20.3793602
Lithuania,LTU,2009,25.67563057
Lithuania,LTU,2010,20.96879005
Lithuania,LTU,2011,18.48599052
Lithuania,LTU,2012,17.20627975
Lithuania,LTU,2013,16.38970947
Lithuania,LTU,2014,16.72989082
Luxembourg,LUX,2003,23.40645981
Luxembourg,LUX,2004,22.38806915
Luxembourg,LUX,2005,22.60367012
Luxembourg,LUX,2006,20.22110939
Luxembourg,LUX,2007,18.50650024
Luxembourg,LUX,2008,22.25933075
Luxembourg,LUX,2010,19.89421082
Luxembourg,LUX,2011,17.70726013
Luxembourg,LUX,2012,21.66625023
Luxembourg,LUX,2013,19.41337967
Luxembourg,LUX,2014,19.99935913
"Macao SAR, China",MAC,2000,10.09582996
"Macao SAR, China",MAC,2012,16.74473953
"Macao SAR, China",MAC,2013,19.16074944
"Macao SAR, China",MAC,2015,34.38272095
Madagascar,MDG,2005,21.49601936
Madagascar,MDG,2006,15.40340042
Madagascar,MDG,2007,12.51795006
Madagascar,MDG,2008,13.59395981
Madagascar,MDG,2009,11.63490963
Madagascar,MDG,2011,10.27007008
Madagascar,MDG,2012,8.405989647
Malawi,MWI,1999,9.692560196
Malawi,MWI,2000,25.52894974
Malawi,MWI,2001,22.2650795
Malawi,MWI,2010,15.02031994
Malawi,MWI,2011,22.02205086
Malawi,MWI,2013,24.96911049
Malawi,MWI,2014,21.50444031
Malawi,MWI,2015,27.67889977
Malawi,MWI,2016,25.21839905
Malaysia,MYS,1997,16.59771919
Malaysia,MYS,2016,21.50955009
Mali,MLI,1998,58.04650879
Mali,MLI,1999,43.40037918
Mali,MLI,2008,34.38220978
Mali,MLI,2009,32.35778046
Mali,MLI,2010,35.58095932
Mali,MLI,2011,26.23423958
Mali,MLI,2013,24.63633919
Mali,MLI,2014,21.90526009
Mali,MLI,2015,22.8535099
Malta,MLT,1998,19.79011917
Malta,MLT,2002,20.24966049
Malta,MLT,2004,17.24773979
Malta,MLT,2007,27.82559013
Malta,MLT,2008,31.5115509
Malta,MLT,2010,32.91001129
Malta,MLT,2011,65.01656342
Malta,MLT,2012,40.10993958
Malta,MLT,2013,38.58639145
Malta,MLT,2014,33.80047989
Marshall Islands,MHL,2002,27.69030952
Mauritania,MRT,1997,39.87960815
Mauritania,MRT,1999,32.58834839
Mauritania,MRT,2005,21.74278069
Mauritania,MRT,2008,31.8651104
Mauritania,MRT,2010,27.39216995
Mauritania,MRT,2011,19.25049019
Mauritania,MRT,2012,20.10152054
Mauritania,MRT,2013,15.79354954
Mauritania,MRT,2015,18.46014023
Mauritania,MRT,2016,14.64050961
Mauritius,MUS,2001,14.18997002
Mauritius,MUS,2002,12.76194954
Mauritius,MUS,2003,18.18026924
Mauritius,MUS,2004,17.81332016
Mauritius,MUS,2005,17.51063919
Mauritius,MUS,2006,16.76460075
Mauritius,MUS,2008,14.28882027
Mauritius,MUS,2009,14.12152004
Mauritius,MUS,2010,18.40825081
Mauritius,MUS,2011,16.0249691
Mauritius,MUS,2012,18.15234947
Mauritius,MUS,2013,19.1930294
Mauritius,MUS,2014,28.72759056
Mauritius,MUS,2015,30.67577934
Mauritius,MUS,2016,32.72417831
Mexico,MEX,1998,15.2565403
Mexico,MEX,1999,12.25990009
Mexico,MEX,2001,16.75754929
Mexico,MEX,2002,14.30869007
Mexico,MEX,2003,15.68099976
Mexico,MEX,2004,14.58432007
Mexico,MEX,2005,15.1830101
Mexico,MEX,2006,14.15931034
Mexico,MEX,2007,13.71944046
Mexico,MEX,2008,13.71642017
Mexico,MEX,2009,15.77106953
Mexico,MEX,2010,15.77449989
Mexico,MEX,2011,15.80628014
Mexico,MEX,2012,16.04387093
Mexico,MEX,2013,16.25086021
Mexico,MEX,2014,16.25525093
Moldova,MDA,2007,38.35192871
Moldova,MDA,2008,31.61281013
Moldova,MDA,2009,39.37078857
Moldova,MDA,2010,39.35366058
Moldova,MDA,2011,38.02880096
Moldova,MDA,2012,37.37960815
Moldova,MDA,2014,38.58314896
Moldova,MDA,2015,39.07743835
Moldova,MDA,2016,36.20645905
Monaco,MCO,1997,7.13338995
Monaco,MCO,1998,6.982709885
Monaco,MCO,1999,6.91877985
Monaco,MCO,2000,6.693900108
Monaco,MCO,2004,6.170050144
Monaco,MCO,2009,6.274280071
Monaco,MCO,2010,6.163829803
Monaco,MCO,2011,10.0313797
Mongolia,MNG,1997,29.13909912
Mongolia,MNG,2004,10.64058971
Mongolia,MNG,2010,15.36830997
Mongolia,MNG,2015,14.87621021
Mongolia,MNG,2016,14.36808014
Morocco,MAR,1998,43.56409073
Morocco,MAR,1999,43.55337143
Morocco,MAR,2001,41.41725159
Morocco,MAR,2002,42.73762894
Morocco,MAR,2003,40.7874794
Morocco,MAR,2004,38.24845886
Morocco,MAR,2005,55.35332108
Morocco,MAR,2006,34.35123825
Morocco,MAR,2007,37.44966125
Morocco,MAR,2008,32.91532135
Morocco,MAR,2009,30.72282982
Morocco,MAR,2010,34.32822037
Morocco,MAR,2011,33.90499115
Morocco,MAR,2012,36.45846939
Mozambique,MOZ,2006,73.26232147
Mozambique,MOZ,2012,53.6995697
Mozambique,MOZ,2013,43.96953964
Myanmar,MMR,2017,11.96642017
Namibia,NAM,1999,32.41973114
Namibia,NAM,2000,30.45299911
Namibia,NAM,2001,28.77996063
Namibia,NAM,2002,23.60994911
Namibia,NAM,2003,22.42354012
Namibia,NAM,2006,18.99682999
Namibia,NAM,2008,15.9268198
Nepal,NPL,1999,12.87722015
Nepal,NPL,2000,11.29283047
Nepal,NPL,2001,13.38434982
Nepal,NPL,2002,10.40077972
Nepal,NPL,2003,9.265850067
Nepal,NPL,2008,10.45621967
Nepal,NPL,2009,12.1906004
Nepal,NPL,2010,10.9952898
Nepal,NPL,2011,11.58751965
Nepal,NPL,2012,10.89138031
Nepal,NPL,2013,9.919839859
Nepal,NPL,2014,11.67385006
Nepal,NPL,2015,11.00347996
Netherlands,NLD,1998,20.21206093
New Zealand,NZL,1997,21.57729912
New Zealand,NZL,2013,22.7116909
New Zealand,NZL,2014,21.99456978
New Zealand,NZL,2015,21.70956993
Nicaragua,NIC,2005,2.943259954
Nicaragua,NIC,2006,3.473989964
Nicaragua,NIC,2010,7.318870068
Niger,NER,2006,46.79880905
Niger,NER,2007,52.74161148
Niger,NER,2008,50.64163971
Niger,NER,2009,58.3807106
Niger,NER,2010,42.55165863
Niger,NER,2011,50.90670013
Niger,NER,2012,47.01195145
Niger,NER,2013,50.33827972
Niger,NER,2014,72.45838928
Niger,NER,2015,64.56313324
Norway,NOR,1997,18.13375092
Norway,NOR,1998,29.75333977
Norway,NOR,2002,29.99077988
Norway,NOR,2003,31.71204948
Norway,NOR,2004,29.40802956
Norway,NOR,2005,28.10482025
Norway,NOR,2006,25.36861038
Norway,NOR,2007,25.63220024
Norway,NOR,2008,24.61355019
Norway,NOR,2009,28.3046608
Norway,NOR,2010,26.7616806
Norway,NOR,2011,25.75066948
Norway,NOR,2013,24.49099922
Norway,NOR,2014,24.23162079
Oman,OMN,1997,18.90755081
Oman,OMN,1998,21.62660027
Oman,OMN,2002,16.34173965
Oman,OMN,2005,12.25063038
Oman,OMN,2009,15.07413006
Oman,OMN,2011,17.51675034
Oman,OMN,2013,20.20837021
Oman,OMN,2016,34.36510086
Pakistan,PAK,2013,10.32909966
Pakistan,PAK,2014,13.25144005
Pakistan,PAK,2015,15.22173977
Pakistan,PAK,2016,10.85455036
Panama,PAN,1999,18.5095005
Panama,PAN,2000,20.87817955
Panama,PAN,2001,13.71786976
Panama,PAN,2002,15.35482025
Panama,PAN,2004,11.95800972
Panama,PAN,2007,14.72292995
Panama,PAN,2011,9.273449898
Paraguay,PRY,2000,15.78512955
Paraguay,PRY,2001,13.3207798
Paraguay,PRY,2002,11.47684002
Paraguay,PRY,2003,12.09117985
Paraguay,PRY,2004,10.79253006
Paraguay,PRY,2007,13.33592987
Paraguay,PRY,2010,14.83506012
Paraguay,PRY,2011,16.56845093
Paraguay,PRY,2012,16.35630989
Peru,PER,1998,11.04671001
Peru,PER,1999,10.27670956
Peru,PER,2000,9.999389648
Peru,PER,2001,9.498009682
Peru,PER,2002,9.008660316
Peru,PER,2003,10.21963978
Peru,PER,2004,10.47377014
Peru,PER,2005,9.961999893
Peru,PER,2006,10.36443043
Peru,PER,2007,10.20306969
Peru,PER,2008,10.48386955
Peru,PER,2009,11.4612999
Peru,PER,2010,10.7744503
Peru,PER,2011,9.319029808
Peru,PER,2012,10.75792027
Peru,PER,2013,10.50724983
Peru,PER,2014,13.14916992
Peru,PER,2015,14.34049988
Peru,PER,2016,14.28730965
Philippines,PHL,1997,10.67481041
Philippines,PHL,2000,10.31700993
Philippines,PHL,2001,8.996470451
Philippines,PHL,2002,8.815389633
Philippines,PHL,2003,9.737210274
Philippines,PHL,2004,8.707480431
Philippines,PHL,2005,8.899740219
Philippines,PHL,2007,8.669850349
Philippines,PHL,2008,9.076720238
Poland,POL,1998,10.81470013
Poland,POL,2002,19.81827927
Poland,POL,2003,19.68688965
Poland,POL,2004,21.37206078
Poland,POL,2005,22.00790024
Poland,POL,2006,22.87955093
Poland,POL,2007,21.77816963
Poland,POL,2008,22.70049095
Poland,POL,2009,23.74238968
Poland,POL,2010,24.09019089
Poland,POL,2011,23.31435013
Poland,POL,2012,23.34108925
Poland,POL,2013,21.70667076
Poland,POL,2014,21.79804993
Portugal,PRT,1999,26.3985405
Portugal,PRT,2000,27.4539299
Portugal,PRT,2001,28.86026001
Portugal,PRT,2002,28.96928978
Portugal,PRT,2003,29.52109909
Portugal,PRT,2004,32.70983124
Portugal,PRT,2005,32.4188385
Portugal,PRT,2006,31.53998947
Portugal,PRT,2007,30.14912987
Portugal,PRT,2008,30.2115097
Portugal,PRT,2009,37.17950058
Portugal,PRT,2010,34.8871994
Portugal,PRT,2011,32.56221008
Portugal,PRT,2012,31.63512993
Portugal,PRT,2013,30.33820915
Portugal,PRT,2014,29.31616974
Puerto Rico,PRI,1971,0
Puerto Rico,PRI,1972,0
Puerto Rico,PRI,1973,0
Puerto Rico,PRI,1974,0
Puerto Rico,PRI,1975,0
Puerto Rico,PRI,1976,0
Puerto Rico,PRI,1977,0
Puerto Rico,PRI,1978,0
Puerto Rico,PRI,2013,20.70594978
Puerto Rico,PRI,2014,20.04417038
Qatar,QAT,2009,10.49806976
Romania,ROU,2003,13.35585022
Romania,ROU,2004,14.4484396
Romania,ROU,2005,15.61306953
Romania,ROU,2007,15.9239502
Romania,ROU,2009,16.26279068
Romania,ROU,2010,13.74180984
Romania,ROU,2011,11.72154999
Romania,ROU,2012,12.39712048
Romania,ROU,2013,13.42813015
Romania,ROU,2014,15.81408024
Rwanda,RWA,2000,42.3008194
Rwanda,RWA,2007,29.70508957
Rwanda,RWA,2008,31.4321804
Rwanda,RWA,2010,35.13964081
Rwanda,RWA,2011,36.87628174
Rwanda,RWA,2012,33.64479828
Rwanda,RWA,2013,38.37165833
Rwanda,RWA,2016,38.07242966
Samoa,WSM,1999,8.913060188
Samoa,WSM,2000,8.454130173
Samoa,WSM,2001,9.190540314
Samoa,WSM,2016,13.03227043
San Marino,SMR,2010,12.16633034
San Marino,SMR,2011,11.33724022
Sao Tome and Principe,STP,2012,17.52619934
Sao Tome and Principe,STP,2013,18.58782005
Sao Tome and Principe,STP,2014,8.363030434
Saudi Arabia,SAU,2007,17.6497097
Senegal,SEN,1998,35.31546021
Senegal,SEN,2005,31.91968918
Senegal,SEN,2006,31.18597984
Senegal,SEN,2008,25.46855927
Senegal,SEN,2010,32.2951889
Senegal,SEN,2011,27.11487007
Senegal,SEN,2012,23.90815926
Senegal,SEN,2013,27.33942986
Senegal,SEN,2014,32.77444077
Senegal,SEN,2015,27.48673058
Serbia,SRB,2007,13.12567997
Serbia,SRB,2008,13.4932003
Serbia,SRB,2009,13.58940983
Serbia,SRB,2010,13.16497993
Serbia,SRB,2011,13.05733967
Serbia,SRB,2015,11.85560036
Seychelles,SYC,1998,24.0264492
Seychelles,SYC,2002,14.50745964
Seychelles,SYC,2003,15.80615997
Seychelles,SYC,2011,7.167109966
Sierra Leone,SLE,2011,13.15402031
Sierra Leone,SLE,2012,11.67121983
Sierra Leone,SLE,2013,8.746049881
Sierra Leone,SLE,2016,5.29403019
Singapore,SGP,2008,14.06672001
Singapore,SGP,2009,15.74985027
Singapore,SGP,2010,16.68468094
Slovak Republic,SVK,1997,7.936389923
Slovak Republic,SVK,1999,18.1405201
Slovak Republic,SVK,2000,15.85101032
Slovak Republic,SVK,2001,16.37859917
Slovak Republic,SVK,2002,18.26465988
Slovak Republic,SVK,2003,17.10819054
Slovak Republic,SVK,2004,16.50568008
Slovak Republic,SVK,2005,14.92813969
Slovak Republic,SVK,2006,14.46807957
Slovak Republic,SVK,2007,14.33469963
Slovak Republic,SVK,2008,14.65799046
Slovak Republic,SVK,2009,17.88979912
Slovak Republic,SVK,2010,17.79921913
Slovak Republic,SVK,2011,17.26914978
Slovak Republic,SVK,2012,17.85944939
Slovak Republic,SVK,2013,18.48036003
Slovak Republic,SVK,2014,19.06034088
Slovak Republic,SVK,2015,19.0987606
Slovenia,SVN,2001,25.10709953
Slovenia,SVN,2002,24.05204964
Slovenia,SVN,2010,30.16817093
Slovenia,SVN,2011,30.49638939
Slovenia,SVN,2013,25.31510925
Slovenia,SVN,2014,24.73097992
South Africa,ZAF,1999,20.32225037
South Africa,ZAF,2000,17.79398918
South Africa,ZAF,2001,17.40294075
South Africa,ZAF,2002,16.88526917
South Africa,ZAF,2003,18.07601929
South Africa,ZAF,2004,18.85264015
South Africa,ZAF,2005,16.87731934
South Africa,ZAF,2006,16.12182045
South Africa,ZAF,2007,16.87031937
South Africa,ZAF,2008,15.36874008
South Africa,ZAF,2009,17.19479942
South Africa,ZAF,2010,19.29047966
South Africa,ZAF,2011,21.33641052
South Africa,ZAF,2012,20.96759987
South Sudan,SSD,2011,7.414619923
South Sudan,SSD,2016,16.0279808
Spain,ESP,1998,23.87748909
Spain,ESP,1999,24.05751991
Spain,ESP,2000,22.83300018
Spain,ESP,2001,22.10771942
Spain,ESP,2002,22.83036995
Spain,ESP,2003,23.18285942
Spain,ESP,2004,23.21299934
Spain,ESP,2005,22.88599014
Spain,ESP,2006,23.46747971
Spain,ESP,2007,23.70022011
Spain,ESP,2008,25.37781906
Spain,ESP,2009,27.61234093
Spain,ESP,2010,26.05484962
Spain,ESP,2011,25.89151001
Spain,ESP,2012,23.47710037
Spain,ESP,2013,22.59189034
Spain,ESP,2014,22.22583961
Sri Lanka,LKA,2010,7.285649776
Sri Lanka,LKA,2011,6.814620018
Sri Lanka,LKA,2012,5.798180103
Sri Lanka,LKA,2013,6.286399841
Sri Lanka,LKA,2016,11.31000042
St. Kitts and Nevis,KNA,2015,14.05772972
St. Kitts and Nevis,KNA,2016,19.64533043
St. Lucia,LCA,1999,22.07331085
St. Lucia,LCA,2004,17.27063942
St. Lucia,LCA,2009,15.80953026
St. Lucia,LCA,2010,18.81175041
St. Lucia,LCA,2011,19.24011993
St. Lucia,LCA,2012,19.3799305
St. Lucia,LCA,2013,19.9759407
St. Lucia,LCA,2014,22.65011024
St. Lucia,LCA,2015,21.84737015
St. Lucia,LCA,2016,24.52963066
St. Vincent and the Grenadines,VCT,2000,22.47381973
St. Vincent and the Grenadines,VCT,2005,22.40372086
St. Vincent and the Grenadines,VCT,2007,18.36444092
St. Vincent and the Grenadines,VCT,2009,21.82084084
St. Vincent and the Grenadines,VCT,2010,17.64504051
St. Vincent and the Grenadines,VCT,2011,18.83713913
St. Vincent and the Grenadines,VCT,2013,21.73335075
St. Vincent and the Grenadines,VCT,2014,22.03420067
St. Vincent and the Grenadines,VCT,2015,21.16677094
St. Vincent and the Grenadines,VCT,2016,20.47223091
Swaziland,SWZ,1999,23.10232925
Swaziland,SWZ,2000,26.05315971
Swaziland,SWZ,2001,28.42338943
Swaziland,SWZ,2002,24.15313911
Swaziland,SWZ,2003,41.23289108
Swaziland,SWZ,2004,26.44972038
Swaziland,SWZ,2005,36.62895966
Swaziland,SWZ,2006,32.19588852
Swaziland,SWZ,2008,30.48838043
Swaziland,SWZ,2010,30.86392975
Swaziland,SWZ,2011,34.19974899
Swaziland,SWZ,2014,33.02067184
Sweden,SWE,1998,27.04631042
Sweden,SWE,1999,24.9077301
Sweden,SWE,2000,24.4558506
Sweden,SWE,2001,24.17359924
Sweden,SWE,2002,24.3689003
Sweden,SWE,2003,24.37178993
Sweden,SWE,2004,31.6455307
Sweden,SWE,2005,30.77462959
Sweden,SWE,2006,29.93902969
Sweden,SWE,2007,29.04545021
Sweden,SWE,2008,29.19599915
Sweden,SWE,2009,31.19894028
Sweden,SWE,2010,30.2218399
Sweden,SWE,2011,31.08369064
Sweden,SWE,2012,31.08580017
Sweden,SWE,2013,24.64254951
Sweden,SWE,2014,24.75704002
Switzerland,CHE,1998,26.04067993
Switzerland,CHE,1999,25.29323959
Switzerland,CHE,2000,24.6612606
Switzerland,CHE,2001,25.29121017
Switzerland,CHE,2002,26.88652992
Switzerland,CHE,2003,26.60650063
Switzerland,CHE,2004,25.46406937
Switzerland,CHE,2005,25.36203003
Switzerland,CHE,2006,23.84324074
Switzerland,CHE,2007,22.80694008
Switzerland,CHE,2008,28.20173073
Switzerland,CHE,2009,26.92480087
Switzerland,CHE,2010,26.28569984
Switzerland,CHE,2011,25.89146996
Switzerland,CHE,2012,25.97821045
Switzerland,CHE,2013,25.64591026
Switzerland,CHE,2014,25.25510979
Syrian Arab Republic,SYR,1997,18.40686989
Syrian Arab Republic,SYR,1998,18.51605988
Syrian Arab Republic,SYR,1999,21.57008934
Syrian Arab Republic,SYR,2000,23.36838913
Syrian Arab Republic,SYR,2002,24.37150002
Syrian Arab Republic,SYR,2007,13.45178986
Syrian Arab Republic,SYR,2009,14.79796028
Syrian Arab Republic,SYR,2012,15.74967003
Tanzania,TZA,2010,12.43457985
Thailand,THA,1997,15.65715027
Thailand,THA,1998,18.82527924
Thailand,THA,2001,15.37263966
Thailand,THA,2004,14.7771101
Thailand,THA,2008,7.040929794
Thailand,THA,2009,8.447440147
Thailand,THA,2010,14.03468037
Thailand,THA,2011,14.22964001
Thailand,THA,2012,18.4114399
Thailand,THA,2013,17.9896698
Timor-Leste,TLS,2011,7.884749889
Timor-Leste,TLS,2012,14.53149986
Timor-Leste,TLS,2013,17.89447975
Timor-Leste,TLS,2014,22.80064964
Togo,TGO,1999,28.75424004
Togo,TGO,2000,25.39352036
Togo,TGO,2007,18.04286957
Togo,TGO,2011,15.91372013
Tonga,TON,2002,7.641749859
Tonga,TON,2003,8.804349899
Tonga,TON,2004,7.465769768
Tunisia,TUN,1997,30.71887016
Tunisia,TUN,1999,24.97730064
Tunisia,TUN,2000,24.53397942
Tunisia,TUN,2001,23.7868309
Tunisia,TUN,2002,21.66498947
Tunisia,TUN,2003,23.73924065
Tunisia,TUN,2004,21.21084976
Tunisia,TUN,2005,21.86648941
Tunisia,TUN,2008,24.54071999
Tunisia,TUN,2015,52.83333969
Turkey,TUR,2012,15.98235989
Turkey,TUR,2013,11.97488976
Turkey,TUR,2014,11.24792004
Ukraine,UKR,2011,27.50638008
Ukraine,UKR,2012,30.28499985
Ukraine,UKR,2013,30.44893074
Ukraine,UKR,2014,25.91332054
United Arab Emirates,ARE,1997,7.487919807
United Arab Emirates,ARE,1998,8.220809937
United Kingdom,GBR,1998,22.67559052
United Kingdom,GBR,1999,21.13764
United Kingdom,GBR,2000,21.90980911
United Kingdom,GBR,2001,21.94739914
United Kingdom,GBR,2002,23.70009995
United Kingdom,GBR,2003,25.07658005
United Kingdom,GBR,2004,23.86169052
United Kingdom,GBR,2005,23.52279091
United Kingdom,GBR,2006,24.51716042
United Kingdom,GBR,2007,25.60264015
United Kingdom,GBR,2008,24.69042015
United Kingdom,GBR,2009,28.56748009
United Kingdom,GBR,2010,31.34917068
United Kingdom,GBR,2011,29.5954895
United Kingdom,GBR,2013,22.11208916
United Kingdom,GBR,2014,22.90335083
United Kingdom,GBR,2015,23.42330933
United States,USA,2010,24.34056091
United States,USA,2011,23.93985939
United States,USA,2012,22.81010056
United States,USA,2013,22.65673065
United States,USA,2014,22.50008011
Uruguay,URY,1999,10.45827961
Uruguay,URY,2000,10.00471973
Uruguay,URY,2001,9.584899902
Uruguay,URY,2002,8.009570122
Uruguay,URY,2003,6.499129772
Uruguay,URY,2004,8.456310272
Uruguay,URY,2005,9.919110298
Uruguay,URY,2006,10.17428017
Vanuatu,VUT,1999,71.00196838
Vanuatu,VUT,2000,61.35118866
Vanuatu,VUT,2001,88.94142151
Vanuatu,VUT,2015,20.51489067
"Venezuela, RB",VEN,2006,8.367919922
"Venezuela, RB",VEN,2007,8.090530396
"Venezuela, RB",VEN,2009,16.60868073
"Venezuela, RB",VEN,2015,0.01532
"Yemen, Rep.",YEM,2011,11.98610973
Zimbabwe,ZWE,2012,29.8754406
Zimbabwe,ZWE,2013,30.99151993
